대여소ID,대여소명,대여소주소,위도,경도,거치대수,사용가능한자전거
101,101. (구)합정동 주민센터,서울특별시 마포구 동교로8길 58,37.549561,126.905754,5,0
102,102. 망원역 1번출구 앞,서울특별시 마포구 월드컵로 72,37.555649,126.910629,20,0
103,103. 망원역 2번출구 앞,서울특별시 마포구 월드컵로 79,37.554951,126.910835,14,0
104,104. 합정역 1번출구 앞,서울특별시 마포구 양화로 59,37.550629,126.914986,13,0
105,105. 합정역 5번출구 앞,서울특별시 마포구 양화로 48,37.550007,126.914825,5,0
106,106. 합정역 7번출구 앞,서울특별시 마포구 독막로 4,37.548645,126.912827,10,0
107,107. 신한은행 서교동금융센터점 앞,서울특별시 마포구 월드컵북로 35,37.55751,126.918503,5,0
108,108. 서교동 사거리,서울특별시 마포구 양화로 93,37.552746,126.918617,10,0
109,109. 제일빌딩 앞,서울특별시 마포구 어울마당로 26,37.547691,126.919983,10,0
110,110. 사천교,서울특별시 서대문구 홍제천로 11,37.568199,126.917847,20,0
111,111. 상수역 2번출구 앞,서울특별시 마포구 와우산로 40,37.547871,126.923531,10,0
112,112. 극동방송국 앞,서울특별시 마포구 와우산로 56,37.549202,126.923203,10,0
113,113. 홍대입구역 2번출구 앞,서울특별시 마포구 양화로 165,37.557499,126.923805,25,0
114,114. 홍대입구역 8번출구 앞,서울특별시 마포구 양화로18길 3,37.55706,126.924423,15,0
115,115. 사루비아 빌딩 앞,서울특별시 서대문구 연희로 6,37.558933,126.927116,15,0
116,116. 일진아이윌아파트 옆,서울특별시 서대문구 동교로 290,37.564541,126.927071,5,0
117,117. 홍은사거리,서울특별시 서대문구 통일로 483,37.59116,126.94133,25,0
118,118. 광흥창역 2번출구 앞,서울특별시 마포구 독막로 지하165,37.547733,126.931763,10,0
119,119. 서강나루 공원,서울특별시 마포구 창전로 30,37.545284,126.931053,10,0
120,120. 신수동 사거리,서울특별시 마포구 토정로 211,37.545242,126.934113,5,0
121,121. 마포소방서 앞,서울특별시 마포구 창전로 76,37.549767,126.933174,15,0
122,122. 신성기사식당 앞,서울특별시 마포구 독막로 223-1,37.547459,126.938377,10,0
123,123. 문화촌 공원,서울특별시 서대문구 홍제동 277-23,37.59433,126.947388,20,0
124,124. 서강대 정문 건너편,서울특별시 마포구 서강로16길 72,37.55114,126.936989,20,0
125,125. 서강대 남문 옆,서울특별시 마포구 백범로 35,37.549484,126.93895,15,0
126,126. 서강대 후문 옆,서울특별시 마포구 대흥로 122,37.550411,126.943848,20,0
127,127. 현대벤처빌 앞,서울특별시 마포구 백범로 10,37.55352,126.936951,15,0
128,128. 신촌역(2호선) 1번출구 옆,서울특별시 서대문구 연세로 3-5,37.555496,126.93634,20,0
129,129. 신촌역(2호선) 6번출구 옆,서울특별시 마포구 신촌로 106,37.555054,126.937569,15,0
130,130. 신촌역(2호선) 7번출구 앞,서울특별시 마포구 신촌로 94,37.554859,126.936157,10,0
131,131. 증산2교,서울특별시 서대문구 증가로 264,37.584171,126.911102,23,0
133,133. 해담는다리,서울특별시 서대문구 불광천길 150,37.582031,126.908997,15,0
134,134. 연세로 명물길,서울특별시 서대문구 명물길 33,37.557892,126.93808,8,0
135,명물길 원형무대 앞,서대문구 창천동 31-69,37.559101,126.939178,10,0
136,136. 대흥동 주민센터,서울특별시 마포구 신촌로26길 10,37.556004,126.942299,7,0
137,137. NH농협 신촌지점 앞,서울특별시 서대문구 연세로2다길 58,37.556812,126.943184,10,0
138,138. 신촌동 제1공영주차장 앞,서울특별시 서대문구 증가로 264,37.559177,126.934525,10,0
139,139. 연세대 정문 건너편,서울특별시 서대문구 연세로 42,37.559795,126.934479,13,0
140,140. 이화여대 후문,서울특별시 서대문구 연세로 50-1,37.560009,126.940735,20,0
141,141. 연대 대운동장 옆,서울특별시 서대문구 연세로 50,37.562382,126.932648,20,0
142,142. 아현역 4번출구 앞,서울특별시 마포구 아현동 329-15,37.557201,126.955666,11,0
143,143. 공덕역 2번출구,서울특별시 마포구 공덕동 257-88,37.544579,126.950218,9,0
144,144. 공덕역 8번출구,서울특별시 마포구 공덕동 438-5,37.543579,126.951324,10,0
145,145. 공덕역 5번출구,서울특별시 마포구 공덕동 237-9,37.54425,126.951637,9,0
146,146. 마포역 1번출구 뒤,서울특별시 마포구 도화동 555-2,37.539936,126.945824,12,0
147,147. 마포역 4번출구 뒤,서울특별시 마포구 도화동 292-29,37.539272,126.945915,7,0
148,148. 용강동 주민센터 앞,서울특별시 마포구 용강동 234-1,37.542347,126.943024,11,0
150,150. 서강대역 2번출구 앞,서울특별시 마포구 노고산동 112-13,37.552956,126.934341,15,0
151,151. 망원1동주민센터,서울특별시 마포구 망원동 403-2,37.555687,126.905548,10,0
152,152. 마포구민체육센터 앞,서울특별시 마포구 망원동 452-4,37.55661,126.898018,30,0
153,153. 성산2교 사거리,서울특별시 마포구 성산동 54-17,37.564697,126.912613,10,0
154,154. 마포구청역,서울특별시 마포구 망원동 477-23,37.560909,126.905495,13,0
155,155. 가좌역1 번출구 뒤,서울특별시 마포구 성산동123-29,37.56855,126.914513,15,0
156,156. 서울서부지방법원 앞,서울특별시 마포구 공덕동 105-11,37.549904,126.955147,10,0
157,157. 애오개역 4번출구 앞,서울특별시 마포구 아현동 607-1,37.553001,126.956688,12,0
158,158. 독립문 어린이 공원,서울특별시 서대문구 영천동 259-1,37.571259,126.96048,15,0
159,159. 이대역 4번 출구,서울특별시 서대문구 대현동 60-11,37.556953,126.946342,7,0
160,160. 북아현동 가구거리,서울특별시 서대문구 북아현동 251-78,37.557549,126.959381,20,0
161,161. 무악재역1번 출구,서울특별시 서대문구 통일로 380-4,37.582245,126.950645,8,0
162,162. 봉원고가차도 밑,서울특별시 서대문구 대신동 143-1,37.565269,126.946243,15,0
163,163. 명지전문대학교 정문 앞,서울특별시 서대문구 홍은동 산25-3,37.583698,126.924965,7,0
164,164. 북가좌1동 주민센터 ,서울특별시 서대문구 북가좌동 477-1,37.574478,126.910049,10,0
165,165. 중앙근린공원,서울특별시 서대문구 북가좌동 470-1,37.575138,126.91394,20,0
166,166. 가재울 초등학교,서울특별시 서대문구 연희동 530,37.573277,126.919678,20,0
167,167. 연가초등학교 옆,서울특별시 서대문구 북가좌동 70-119,37.57946,126.91713,15,0
168,168. 남가좌동 사거리,서울특별시 서대문구 남가좌동 185-21,37.566212,126.896179,20,0
169,169. 북가좌 삼거리,서울특별시 서대문구 북가좌동 400,37.573002,126.907799,15,0
170,170. 가재울 뉴타운 주유소 옆,서울특별시 서대문구 남가좌동 124,37.573112,126.922447,10,0
171,임광빌딩 앞,미근동 317-1,37.564724,126.967278,10,0
173,173. 서대문역 8번출구 앞,서울특별시 서대문구 충정로2가 138,37.564777,126.966148,8,0
175,175. 홍연2교옆,서울특별시 서대문구 홍은동 387-16,37.578072,126.930817,20,0
176,176. 명지대학교 도서관,서울특별시 서대문구 거북골로 34,37.581097,126.924026,10,0
177,177. 북가좌 초등학교,서울특별시 서대문구 거북골로19길 20,37.577675,126.909805,8,0
178,178. 증산3교 앞,서울특별시 서대문구 북가좌동 352-9,37.579876,126.906349,10,0
179,179. 가좌역 4번출구 앞,서울특별시 서대문구 남가좌동 293-3 ,37.569122,126.914795,15,0
180,180. 충정로역 7번출구 뒤,서울특별시 서대문구 충정로3가 56-1,37.559967,126.962463,10,0
181,181. 망원초록길 입구,서울특별시 마포구 마포나루길 467,37.551342,126.902672,15,0
182,182. 망원2빗물펌프장 앞,서울특별시?마포구?동교로?7,37.551567,126.902847,10,0
183,183. 하늘채코오롱아파트 건너편,서울특별시 마포구 연남로 30,37.565166,126.919395,15,0
184,184. SK망원동주유소 건너편,서울특별시 마포구 월드컵로 119?,37.558949,126.907753,9,0
185,185. 마포 신수공원 앞,서울특별시 마포구 현석동 106-32,37.542545,126.934296,15,0
186,186. 월드컵공원,서울특별시 마포구 하늘공원로 108-1,37.563965,126.898209,40,0
188,188. 홍은동 정원여중 입구,서울특별시 서대문구 연희로37안길 51,37.586388,126.935127,10,0
191,191. 서우빌딩(바른학원),서울특별시 서대문구 응암로 66,37.578892,126.910736,10,0
192,192. 연서어린이공원,서울특별시 서대문구 연희동 519-7,37.572227,126.923065,10,0
194,194. 증산교 앞,서울특별시 서대문구 불광천길 36,37.577316,126.902969,10,0
195,195. 모래내고가차도 ,서울특별시 서대문구 연희동 446-76,37.567657,126.917809,10,0
196,196. 연희교차로 인근,서울특별시 서대문구 홍제천로 48,37.56612,126.925896,10,0
198,198. 충정2교,서울특별시 서대문구 충정로3가 155-4,37.562138,126.963776,15,0
199,199. 서울 월드컵 경기장,서울특별시 마포구 성산동 515,37.566845,126.896446,30,0
200,200. 국회의원회관,서울특별시 영등포구 의사당대로 1,37.528416,126.913918,20,0
201,201. 진미파라곤 앞,서울특별시 영등포구 국회대로76길 10,37.531239,126.921333,15,0
202,202. 국민일보 앞,서울특별시 영등포구 여의공원로 101,37.528816,126.92453,30,0
203,203. 국회의사당역 3번출구 옆,서울특별시 영등포구 국회대로 지하758,37.528057,126.918701,15,0
204,204. 국회의사당역 5번출구 옆,서울특별시 영등포구 의사당대로 8,37.528164,126.917023,13,0
205,205. 산업은행 앞,서울특별시 영등포구 의사당대로 97,37.526264,126.920509,20,0
206,206. KBS 앞,서울특별시 영등포구 여의공원로 13,37.524666,126.918022,35,0
207,207. 여의나루역 1번출구 앞,서울특별시 영등포구 여의동로 지하343,37.526989,126.932098,40,0
209,209. 유진투자증권빌딩 앞,서울특별시 영등포구 국제금융로 24,37.524612,126.927834,12,0
210,210. IFC몰,서울특별시 영등포구 국제금융로 10,37.526066,126.925537,21,0
211,211. 여의도역 4번출구 옆,서울특별시 영등포구 국회대로68길 7,37.522228,126.924637,13,0
212,212. 여의도역 1번출구 옆,서울특별시 영등포구 의사당대로 88,37.521362,126.923462,35,0
213,213. KT앞,서울특별시 영등포구 여의대로 38,37.521908,126.918953,15,0
214,214. 금융감독원 앞,서울특별시 영등포구 여의대로 38,37.523022,126.920837,20,0
215,215. 여의도고교 앞,서울특별시 영등포구 국제금융로7길 37,37.524837,126.934906,10,0
216,216. 삼부아파트1동 앞,서울특별시 영등포구 국제금융로7길 27,37.523491,126.932899,10,0
217,217. NH농협은행 앞,서울특별시 영등포구 국제금융로8길 2,37.522079,126.930367,10,0
218,218. 증권거래소 앞,서울특별시 영등포구 여의나루로 76,37.523277,126.929237,20,0
219,219. 롯데캐슬엠파이어 옆,서울특별시 영등포구 의사당대로 127,37.520695,126.925835,12,0
220,220. 미성아파트 A동 앞,서울특별시 영등포구 의사당대로 110,37.519363,126.926048,30,0
221,221. 여의도초교 앞,서울특별시 영등포구 여의대방로 439,37.522675,126.93779,10,0
222,222. 시범아파트버스정류장 옆,서울특별시 영등포구 63로 45,37.519436,126.937599,12,0
223,223. 진주아파트상가 앞,서울특별시 영등포구 국제금융로 108-6,37.519314,126.933167,20,0
224,224. 롯데캐슬 앞,서울특별시 영등포구 국제금융로 86,37.520088,126.932365,20,0
225,225. 앙카라공원 앞,서울특별시 영등포구 의사당대로 지하166,37.517368,126.929253,26,0
226,226. 샛강역 1번출구 앞,서울특별시 영등포구 의사당대로 지하166,37.517765,126.928413,20,0
227,227. 양평2나들목 보행통로 입구,서울특별시 영등포구 양화동 17-4,37.544666,126.888359,10,0
228,228. 선유도역 3번출구 앞,서울특별시 영등포구 양평동4가 202-1,37.53846,126.894508,10,0
229,229. 양평1 보행육교 앞,서울특별시 영등포구 양평동4가 20-4,37.535873,126.892181,20,0
230,230. 영등포구청역 1번출구,서울특별시 영등포구 당산로 111-2,37.524635,126.896217,10,0
231,231. 남부고용노동지청 남측,서울특별시 영등포구 양평동1가 115-2,37.524506,126.891823,10,0
232,232. 양평우림 이비즈센타 앞,서울특별시 영등포구 양평동3가 14-1,37.52565,126.887817,20,0
233,233. YP 센터 앞,서울특별시 영등포구 양평동3가 60-1,37.528488,126.891647,10,0
234,234. 영등포구민체육센터 앞,서울특별시 영등포구 신길동 399 ,37.500462,126.905846,10,0
235,235. 신길동 우리은행 옆,서울특별시 영등포구 신길동 250-4 ,37.504566,126.910233,10,0
236,236. 문래동자이아파트 앞,서울특별시 영등포구 문래동3가 68-1,37.516155,126.894615,10,0
237,237. 보라매 두산위브 건너편,서울특별시 영등포구 신길동 4490 ,37.496513,126.914803,20,0
238,238. 제2구민체육센타 앞,서울특별시 영등포구 당산동4가 96-2,37.526386,126.902756,10,0
239,239. 유스호스텔 앞,서울특별시 영등포구 영등포동7가 58-2,37.525852,126.903282,20,0
240,240. 문래역 4번출구 앞,서울특별시 영등포구 문래동3가 55-12 ,37.518738,126.895576,10,0
241,241. 신길우성1차아파트 앞 공원,서울특별시 영등포구 도림동 255-2 ,37.505329,126.898483,10,0
242,242. 신길선원가와인아파트 앞,서울특별시 영등포구 신길동 215-28 ,37.510933,126.910225,15,0
243,243. 이앤씨드림타워 앞,서울특별시 영등포구 양평동3가 48-1,37.527084,126.89138,15,0
244,244. 영등포삼환아파트 앞,서울특별시 영등포구 영등포동8가 82-4 ,37.530079,126.905708,20,0
245,245. 삼성생명 당산사옥 앞,서울특별시 영등포구 당산동4가 35-24 ,37.528263,126.896629,10,0
247,247. 당산역 10번출구 앞,서울특별시 영등포구 당산동5가 14-4,37.533688,126.902107,15,0
248,248. 초원아파트 앞,서울특별시 영등포구 여의도동8-13,37.531055,126.92421,10,0
249,249. 여의도중학교 옆,서울특별시 영등포구 여의도동 8,37.52412,126.936546,8,0
250,250. 대림아파트 사거리,서울특별시 영등포구 신길동 249,37.507641,126.92308,10,0
251,251. 서울지방병무청 버스정류장,서울특별시 영등포구 신길동853,37.504494,126.921951,10,0
252,252. 보라매역4번출구,서울특별시 영등포구 신길동4884,37.499828,126.919945,10,0
253,253. 신풍역 5번출구 인근,서울특별시 영등포구 신길동3596,37.500648,126.909515,10,0
254,254. 도림신협 앞,서울특별시 영등포구 신길동263-76,37.503803,126.903419,10,0
255,255. 도림4거리,서울특별시 영등포구 신길동373-1,37.506573,126.901131,10,0
256,256. 동아에코빌입구,서울특별시 영등포구 도림동 159-70,37.509476,126.8993,10,0
257,257. 신길삼거리(우리은행),서울특별시 영등포구 신길동95-256,37.513844,126.919357,10,0
258,258. 신길역3번출구,서울특별시 영등포구 영등포동1가35,37.517693,126.914299,14,0
259,259. 대방역6번출구,서울특별시 영등포구 신길동1368,37.513592,126.925934,17,0
260,260. 여의도 마리나선착장 앞,서울특별시 영등포구 여의서로 160,37.53368,126.912086,15,0
262,262. 영문초등학교 사거리,서울특별시 영등포구 문래로 56,37.519928,126.889183,12,0
263,263. 근로자회관 사거리,서울특별시 영등포구 선유로 34,37.517151,126.888626,12,0
264,264. 교보생명보험 앞,서울특별시 영등포구 영등포로 96,37.521931,126.891617,15,0
265,265. 영등포유통상가 사거리,서울특별시 영등포구 영등포로 124,37.521133,126.896538,15,0
266,266. 영등포청과시장 사거리,서울특별시 영등포구 영등포로 177,37.520294,126.901192,10,0
267,267. 삼성화재 사옥 옆,서울특별시 영등포구 양평로 76,37.535961,126.8983,10,0
268,268. 그랜드컨벤션센터 앞,서울특별시 영등포구 양평로 58,37.534718,126.900002,6,0
270,270. 증권거래소후문교차로,서울특별시 영등포구 여의나루로 76,37.522343,126.927101,10,0
271,271. 샛강생태공원방문자센터 앞,서울특별시 영등포구 여의동로 48,37.518963,126.921616,10,0
272,272. 당산육갑문,서울특별시 영등포구 당산로52길 3,37.535339,126.903679,20,0
274,274. 영등포역지하쇼핑센타 5번출구,서울특별시 영등포구 경인로 846,37.516651,126.90799,10,0
275,275. 신동아아파트,서울특별시 영등포구 선유서로 76,37.522816,126.885651,10,0
276,276. SK 영등포주유소,서울특별시 영등포구 경인로112길 1,37.518284,126.912636,10,0
277,277. 영등포뉴타운지하상가 2번게이트,서울특별시 영등포구 영중로 22,37.520119,126.905167,10,0
278,278. 쌍용플레티넘오피스텔,서울특별시 영등포구 도영로 18,37.507931,126.895233,10,0
279,279. 영등포 푸르지오 아파트,서울특별시 영등포구 도신로29길 28,37.513229,126.904465,15,0
280,양평동6차현대아파트 앞,양평동 3가 80-9,37.532101,126.89444,10,0
281,신동아아파트 앞,가마산로 311 앞 복개천 보도,37.498241,126.893982,8,0
282,신한은행,시흥대로 617,37.48753,126.904877,10,0
283,아크로타워 스퀘어(영등포시장),영등포구 영등포동7가 3-2,37.522518,126.907219,15,0
284,센트럴 푸르지오 시티 앞,문래로 180,37.518211,126.902229,12,0
285,대림3동사거리(하나은행),가마산로 343,37.499859,126.89724,8,0
286,우성아파트 교차로,대림로 153 ,37.494572,126.89975,8,0
287,영등포전화국사거리(서강어린이공원),영등포동8가 29-1,37.525768,126.905739,10,0
288,쌍용예가(구청별관),당산로31길 32 서측(구청별관 주변),37.528099,126.893387,10,0
289,대림3동사거리,가마산로 352 커피베이 앞,37.499809,126.898003,10,0
290,당산동 SK V1 빌딩,영등포구 당산동4가 89-1,37.531509,126.897827,12,0
291,문래동 하이테크 시티,영등포구 문래동3가 55-21,37.513851,126.89888,14,0
292,영일 어린이공원,영등포구 영등포동 647-3,37.51012,126.904068,10,0
293,충북 미래관,영등포구 당산동 121-258,37.529171,126.907578,15,0
300,300. 정동사거리,서울특별시 중구 정동길 2-1,37.56805,126.969231,7,0
301,301. 경복궁역 7번출구 앞,서울특별시 종로구 사직로 지하130,37.575794,126.971451,16,0
302,302. 경복궁역 4번출구 뒤,서울특별시 종로구 사직로 지하130,37.575947,126.97406,12,0
303,303. 광화문역 1번출구 앞,서울특별시 종로구 세종대로 지하189,37.57177,126.974663,8,0
304,304. 광화문역 2번출구 앞,서울특별시 종로구 세종대로 지하172,37.572113,126.977577,7,0
305,305. 종로구청 옆,서울특별시 종로구 삼봉로 43,37.572582,126.978355,16,0
306,306. 광화문역 7번출구 앞,서울특별시 종로구 세종대로 지하172,37.570808,126.976433,19,0
307,307. 서울역사박물관 앞,서울특별시 종로구 새문안로 55,37.57,126.9711,11,0
308,308. 광화문 S타워 앞,서울특별시 종로구 새문안로 82,37.569969,126.973938,20,0
309,309. 광화문역 6번출구 옆,서울특별시 종로구 세종대로 지하172,37.569889,126.976456,13,0
310,310. 청계광장 옆,서울특별시 중구 세종대로 136,37.568878,126.97747,13,0
311,311. 서울광장 옆,서울특별시 중구 세종대로 지하 101,37.566612,126.97747,35,0
312,312. 시청역 1번출구 뒤,서울특별시 중구 세종대로 지하101,37.564674,126.976738,7,0
313,313. 서울역 광장 파출소 옆,서울특별시 중구 통일로 13,37.556961,126.971771,5,0
314,314. 국립현대미술관,서울특별시 종로구 삼청로 30,37.579708,126.980858,10,0
315,315. 신한은행 안국역지점 옆,서울특별시 종로구 율곡로 33,37.57597,126.983063,9,0
316,316. 종각역 1번출구 앞,서울특별시 종로구 종로 47,37.570396,126.981789,12,0
318,318. 광교사거리 남측,서울특별시 중구 청계천로 30,37.568527,126.982552,10,0
320,320. 을지로입구역 4번출구 앞,서울특별시 중구 을지로 55,37.566223,126.983589,20,0
321,321. KEB 하나은행 본점 앞,서울특별시 중구 을지로 66,37.565464,126.984138,15,0
322,322. 명동성당 앞,서울특별시 중구 명동길 74,37.564476,126.986969,15,0
324,324. 신세계백화점 본점 앞,서울특별시 중구 퇴계로 77,37.56134,126.9804,10,0
326,326. 안국역 5번출구 앞,서울특별시 종로구 율곡로 지하62,37.576241,126.98616,19,0
327,327. 낙원상가 옆,서울특별시 종로구 삼일대로 428,37.573357,126.987465,10,0
328,328. 탑골공원 앞,서울특별시 종로구 종로 99,37.570396,126.98819,11,0
329,329. 청계2가 사거리 옆,서울특별시 종로구 청계천로 93,37.568344,126.987892,8,0
330,330. 청계천 한빛광장,서울특별시 중구 남대문로10길 33,37.568165,126.984978,10,0
331,331. 을지로2가 사거리 북측,서울특별시 중구 을지로 79,37.566383,126.987206,10,0
332,을지로2가 사거리 남측,중구 을지로2가 149-10 ,37.56599,126.987793,5,0
334,334. 종로3가역 2번출구 뒤,서울특별시 종로구 종로 지하129,37.570599,126.991791,10,0
335,335. 종로3가역 15번출구 앞,서울특별시 종로구 종로 지하129,37.570198,126.991257,10,0
336,336. 티마크 호텔 앞,서울특별시 중구 충무로 15,37.562618,126.992836,10,0
337,337. 창경궁 입구,서울특별시 종로구 창경궁로 185,37.578979,126.996475,5,0
338,338. 세운스퀘어 앞,서울특별시 종로구 창경궁로 109,37.570957,126.997124,18,0
339,339. 종로4가 사거리,서울특별시 종로구 종로 185,37.571068,126.998192,10,0
340,340. 혜화동 로터리,서울특별시 종로구 창경궁로 271-1,37.585629,127.000679,8,0
341,341. 혜화역 3번출구 뒤,서울특별시 종로구 대학로 지하120,37.58157,127.001785,10,0
342,342. 대학로 마로니에공원,서울특별시 종로구 대학로 104,37.579784,127.002533,10,0
343,343. 예일빌딩(율곡로) 앞,서울특별시 종로구 율곡로 238,37.575432,127.004982,12,0
344,344. 성균관대 E하우스 앞,서울특별시 종로구 율곡로 259,37.574036,127.006721,10,0
345,345. 서울보증보험본사 앞,서울특별시 종로구 김상옥로 29,37.573307,127.00071,15,0
346,346. 맥스타일 앞,서울특별시 중구 마장로 3,37.569183,127.00988,10,0
347,347. 동대문역사문화공원역 9번출구 앞,서울특별시 중구 장충단로 지하230,37.565331,127.007843,18,0
348,348. 독립문역 사거리,서울특별시 종로구 교북동 10-1,37.572029,126.960785,14,0
349,349. 사직동주민센터,서울특별시 종로구 사직로9길 5,37.576332,126.96859,7,0
351,351. 청운초교 앞 삼거리,서울특별시 종로구 청운동 108-22,37.585079,126.970619,8,0
352,352. 중앙고입구 삼거리,서울특별시 종로구 창덕궁길 191,37.583416,126.985237,15,0
353,353. 재동초교 앞 삼거리,서울특별시 종로구 재동 19,37.579388,126.984947,8,0
354,354. 포르투갈 대사관 앞,서울특별시 종로구 창덕궁1길 3,37.579155,126.98896,10,0
355,355. 서울사대부속초교 앞,서울특별시 종로구 연건동 178-3,37.576508,127.002457,15,0
356,356. KT혜화지사 앞,서울특별시 종로구 대학로 65,37.577145,127.00206,15,0
358,358. 성대입구 사거리,서울특별시 종로구 창경궁로 234,37.5825,126.998535,13,0
359,359. 원남동사거리,서울특별시 종로구 율곡로 169,37.576061,126.997681,8,0
361,361. 동묘앞역 1번출구 뒤,서울특별시 종로구 숭인동 81-39,37.573242,127.015907,10,0
362,362. 청계8가 사거리,서울특별시 종로구 청계천로 407,37.572224,127.022705,10,0
363,363. 신설동역 11번출구 뒤,서울특별시 종로구 숭인동 1311,37.57576,127.022835,10,0
364,364. 창신역 1번출구 앞,서울특별시 종로구 지봉로 87,37.579334,127.015083,8,0
367,367. 독립문역 3-1번출구 ,서울특별시 종로구 무악동 41-7,37.573849,126.958694,8,0
368,368. SK 서린빌딩 앞,서울특별시 종로구 서린동 93-2,37.569248,126.980537,12,0
369,369. 광화문 시민열린마당,서울특별시 종로구 세종로 76-5,37.575493,126.9785,20,0
370,370. 시청역(2호선) 9번출구 뒤,서울특별시 중구 서소문로 지하127,37.563229,126.974838,26,0
371,371. 동대입구역 6번출구 뒤,서울특별시 중구 동호로 지하256,37.558872,127.005539,10,0
372,372. 약수역 3번출구 뒤,서울특별시 중구 다산로 지하122,37.554295,127.0112,10,0
373,373. 청구 어린이공원,서울특별시 중구 다산로14길 41,37.555859,127.013855,8,0
374,374. 청구역 2번출구 앞,서울특별시 중구 청구로 지하77,37.560474,127.014076,10,0
375,375. 다산 어린이공원,서울특별시 중구 다산로40길 37,37.563717,127.018425,8,0
378,378. 청계7가 사거리,서울특별시 중구 다산로 지하260,37.569805,127.016953,10,0
379,379. 서울역9번출구,서울특별시 중구 세종대로 지하2,37.556,126.973358,7,0
380,380. CJ제일제당 앞,서울특별시 중구 동호로 330,37.563866,127.002747,8,0
381,381. 장충체육관,서울특별시 중구 장충동2가 200-99,37.558533,127.006989,10,0
382,382. 약수역 10번출구 앞,서울특별시 중구 신당동 357-1,37.555199,127.010048,7,0
383,383. 신당역 12번 출구 뒤,서울특별시 중구 신당동 99,37.565849,127.016403,17,0
384,384. 종로학원본원 ,서울특별시 중구 청파로 456,37.55978,126.968506,10,0
385,385. 종각역 5번출구,서울특별시 종로구 서린동 26-1,37.569836,126.982658,10,0
386,386. 올림픽기념 국민생활관 앞,서울특별시 종로구 성균관로 91,37.590233,126.99852,10,0
387,387. 훈련원공원주차장 앞,서울특별시 중구 을지로 227,37.566994,127.003464,10,0
388,388. 동성중학교 앞,서울특별시 종로구 혜화동 56,37.585735,127.00161,10,0
389,389. 을지로4가역 1번출구,서울특별시 중구 을지로 지하 178,37.56673,126.996605,10,0
390,390. 충무로역 1번출구,서울특별시 중구 퇴계로 212,37.56139,126.995354,10,0
391,391. 정동길입구,서울특별시 중구 세종대로19길 16,37.565437,126.973305,8,0
393,393. 동대문역 8번 출구,서울특별시 종로구 율곡로 지하 308,37.570141,127.009377,10,0
394,394. 경희궁 자이 3단지,서울특별시 종로구 경교장길 35,37.56749,126.965919,15,0
395,395. 경희궁 자이 2단지,서울특별시 종로구 송월길 99,37.568855,126.964561,8,0
397,397. 종묘공영주차장 건너편,서울특별시 종로구 종로 지하 200,37.57048,126.996635,13,0
398,을지로3가역 3번출구,중구 을지로3가 282-8 ,37.566559,126.992439,8,0
399,서울역 센트럴 자이아파트,중구 만리동2가 176-1,37.554108,126.965408,15,0
400,400. 상암한화오벨리스크 1차 앞,서울특별시 마포구 구룡길 19,37.587524,126.883003,15,0
401,401. 상암월드컵파크 10단지 앞,서울특별시 마포구 월드컵북로 502-36,37.586189,126.881615,15,0
402,402. 상암월드컵파크 9단지 앞,서울특별시 마포구 월드컵북로 501,37.582855,126.879822,20,0
403,403. 부엉이공원 앞,서울특별시 마포구 가양대로 189,37.58559,126.884727,20,0
405,405. DMC빌 앞,서울특별시 마포구 월드컵북로60길 13,37.582657,126.885788,8,0
406,406. 상암월드컵파크 7단지 앞,서울특별시 마포구 상암산로1길 92,37.581314,126.880585,15,0
407,407. 마포구 육아종합지원센터,서울특별시 마포구 상암산로1길 71,37.580631,126.883675,8,0
408,408. LG CNS앞,서울특별시 마포구 월드컵북로 424,37.580811,126.88665,20,0
409,409. 누리꿈스퀘어 옆,서울특별시 마포구 월드컵북로 396,37.579399,126.88916,25,0
410,410. 상암중학교 옆,서울특별시 마포구 상암산로1길 26,37.577496,126.887772,10,0
411,411. DMC홍보관,서울특별시 마포구 월드컵북로 366,37.577995,126.891472,9,0
412,412. DMC산학협력연구센터 앞,서울특별시 마포구 매봉산로 37,37.575802,126.890739,20,0
413,413. 상암월드컵파크 3단지 후문,서울특별시 마포구 매봉산로 8,37.571476,126.889687,9,0
414,414. 상암동주민센터 옆,서울특별시 마포구 매봉산로2길 16,37.57822,126.89447,8,0
415,415. DMC역 9번출구 앞,서울특별시 마포구 성암로 지하184,37.577469,126.897362,10,0
416,416. 상암월드컵파크 1단지 교차로,서울특별시 마포구 월드컵북로 502-7,37.575665,126.894447,12,0
417,417. DMC역 2번출구 옆,서울특별시 은평구 수색로 지하175,37.575069,126.899918,20,0
418,418. 월드컵경기장역 3번출구 옆,서울특별시 마포구 월드컵로 지하240,37.570721,126.898979,10,0
419,419. 홈플러스 앞,서울특별시 마포구 월드컵로 240,37.56842,126.899429,21,0
420,420. 서울시 공공자전거 상암센터,서울특별시 마포구 월드컵북로47길 10,37.566246,126.896179,40,0
421,421. 마포구청 앞,서울특별시 마포구 월드컵로 212,37.565903,126.901184,8,0
422,422. 문화비축기지,서울특별시 마포구 증산로 87,37.569084,126.894424,13,0
424,424. 롯데하이마트 (상암월드컵점) ,서울특별시 상암동 1715-29,37.57362,126.898048,15,0
425,DMC 첨단산업센터,서울특별시 마포구 성암로330,37.584503,126.885597,10,0
426,426. 서울신용보증재단,서울특별시 마포구 마포대로 163,37.549061,126.954178,10,0
427,427. 성산시영아파트,서울특별시 마포구 월드컵북로 260,37.569584,126.903816,10,0
428,명보사거리,중구 초동 22-2 ,37.5644,126.991432,10,0
429,송도병원,중구 신당동 432-730,37.549889,127.007347,8,0
430,KEB하나은행 장충동지점,중구 장충동1가 26-1,37.562172,127.006264,8,0
431,청계천 영도교,중구 황학동 2472-1 ,37.5709,127.019524,15,0
432,마포중앙도서관,마포구 성산로 128,37.563339,126.908203,10,0
433,을지로입구역 2번출구,중구 을지로1가 118,37.566345,126.982292,10,0
434,신당 레미안 버스정류장,중구 신당동 85-730,37.561489,127.023933,10,0
435,SK 남산빌딩,중구 남대문로5가 520,37.556862,126.975616,10,0
436,이대역 5번출구,마포구 대흥동 2-1,37.556591,126.94619,10,0
437,대흥역 1번출구,마포구 대흥동 105-4,37.54821,126.941383,12,0
438,성산2-1 공영주차장,마포구 성산동 199-46,37.56472,126.906769,15,0
439,마포어린이공원,마포구 마포동 364-4,37.535751,126.944038,10,0
446,446. 상명대입구,서울특별시 종로구 홍지문길 1,37.600128,126.957832,10,0
447,447. 신영동삼거리,서울특별시 종로구 진흥로 499,37.603992,126.961945,10,0
449,449. 일성아파트,서울특별시 종로구 평창문화로 119,37.608719,126.972862,10,0
450,450. 효자동 삼거리,서울특별시 종로구 효자로13길 45,37.583603,126.972549,20,0
451,451. 청와대앞길,서울특별시 종로구 청와대로 73,37.583515,126.979668,13,0
452,동대문 종합시장 버스정류장, 종로구 종로5가 11-2,37.571239,127.00441,13,0
453,종로오가 지하쇼핑센터 14번출구,종로5가 82-1 ,37.57114,127.000671,10,0
454,종로2가 버스정류장(종각방향), 종로구 종로 79-1,37.570358,126.986382,13,0
455,삼익한의원,종로구 종로5가 269-3,37.570961,127.006058,8,0
456,숭인2동 주민센터 입구(이강3대냉면), 종로구 숭인동 183-2,37.574471,127.019829,10,0
457,종로꾳시장 입구 옆,종로구 종로6가 94-1,37.57132,127.00721,10,0
458,광화문역 5번출구,종로구 세종로 1-68 ,37.569939,126.977539,21,0
461,서울지방경찰청,종로구 내자동 186-3 ,37.574364,126.972366,10,0
500,500. 어린이대공원역 3번출구 앞,서울특별시 광진구 능동로 지하210,37.54707,127.074272,10,0
501,501. 광진구의회 앞,서울특별시 광진구 능동로 76,37.537308,127.070351,30,0
502,502. 뚝섬유원지역 1번출구 앞,서울특별시 광진구 능동로 10,37.53186,127.067192,27,0
504,504. 신자초교입구교차로,서울특별시 광진구 뚝섬로 596,37.53297,127.075935,9,0
505,505. 자양사거리 광진아크로텔 앞,서울특별시 광진구 아차산로 355,37.53701,127.082245,10,0
506,506. 금호 어울림 아파트 앞,서울특별시 성동구 광나루로 249,37.549061,127.057793,7,0
507,507. 성수아이에스비즈타워 앞,서울특별시 성동구 성수이로 147,37.548203,127.057114,7,0
508,508. 성수아카데미타워 앞,서울특별시 성동구 성수이로 118,37.545166,127.05751,10,0
509,509. 이마트 버스정류소 옆,서울특별시 성동구 뚝섬로 379,37.539654,127.052589,20,0
510,510. 서울숲 남문 버스정류소 옆,서울특별시 성동구 왕십리로11길 9,37.541222,127.0438,10,0
511,511. 서울숲역 4번 출구 옆,서울특별시 성동구 왕십리로 지하77,37.544582,127.044609,16,0
512,512. 뚝섬역 1번 출구 옆,서울특별시 성동구 아차산로 18,37.548561,127.045006,15,0
513,513. 뚝섬역 5번 출구 정류소 옆,서울특별시 성동구 아차산로 18,37.546307,127.049805,13,0
514,514. 성수사거리 버스정류장 앞,서울특별시 성동구 아차산로 171,37.54258,127.063309,7,0
515,515. 광양중학교 앞,서울특별시 광진구 자양로3길 7,37.530235,127.08683,10,0
516,516. 광진메디칼 앞,서울특별시 광진구 광나루로 355,37.548405,127.069366,10,0
518,518. 청계천 박물관 앞,서울특별시 성동구 마장동 610,37.571526,127.035355,20,0
519,519. 양지사거리,서울특별시 성동구 홍익동 590,37.566994,127.029915,20,0
520,520. 상왕십리역 4번 출구 앞,서울특별시 성동구 하왕십리동 960-3,37.563858,127.030319,10,0
521,521. 왕십리역 11번 출구 앞,서울특별시 성동구 행당동 188-9,37.561447,127.03492,14,0
522,522. 금호역 1번출구 앞,서울특별시 성동구 금호동3가 1575-3,37.548641,127.016426,9,0
523,523. 옥수동성당 옆,서울특별시 성동구 옥수동 산5-148,37.543663,127.014061,11,0
524,524. 래미안금호하이리버 아파트 102동 옆,서울특별시 성동구 금호동2가 1220-1,37.5522,127.025055,10,0
525,525. 한양대병원사거리,서울특별시 성동구 행당동 20-2,37.558052,127.040352,20,0
526,526. 용답토속공원 앞,서울특별시 성동구 용답동 224-1,37.563511,127.056725,10,0
529,529. 장한평역 8번 출구 앞,서울특별시 성동구 용답동 224-3,37.561371,127.06366,15,0
530,530. 청계벽산아파트 앞,서울특별시 성동구 하왕십리동 286-24,37.568748,127.030403,9,0
533,533. 우리은행 금호동 지점 앞,서울특별시 성동구 금호동4가 1101,37.548149,127.021088,7,0
534,534. 금호사거리,서울특별시 성동구 금호동2가 1205-1,37.548634,127.025726,20,0
535,535. 응봉삼거리,서울특별시 성동구 응봉동 134-26,37.553986,127.033592,16,0
536,536. 행당역 2번출구 앞,서울특별시 성동구 행당동 347-11,37.55735,127.029213,8,0
537,537. 한양대후문역 부근,서울특별시 성동구 행당동 10,37.560356,127.041397,10,0
538,538. 답십리역 8번출구 앞,서울특별시 성동구 용답동 102-1,37.56765,127.051155,15,0
539,539. 군자교교차로,서울특별시 광진구 중곡동 263-1,37.559795,127.074203,10,0
540,540. 군자역 7번출구 베스트샵 앞,서울특별시 광진구 군자동 499,37.55603,127.078644,8,0
542,542. 강변역 4번출구 뒤,서울특별시 광진구 구의동 546-6,37.535465,127.094482,19,0
543,543. 구의공원(테크노마트 앞),서울특별시 광진구 구의동 546-3,37.535969,127.094673,20,0
544,544. 광남중학교,서울특별시 광진구 광장동 561-15,37.54073,127.102905,20,0
546,546. 잠실대교북단 교차로,서울특별시 광진구 자양동 722,37.532478,127.085091,8,0
548,548. 자양나들목,서울특별시 광진구 자양동 738,37.52977,127.07486,20,0
549,549. 아차산역 3번출구,서울특별시 광진구 구의동 96,37.551224,127.089706,10,0
550,550. 서울시설공단 앞,서울특별시 성동구 마장동 610 ,37.57164,127.03566,15,0
551,551. 구의삼성쉐르빌 앞,서울특별시 광진구 구의강변로 106,37.540062,127.094498,10,0
552,552. 대림아크로리버 앞,서울특별시 광진구 구의강변로 64,37.536579,127.092972,10,0
553,553. 중곡 성원APT 앞,서울특별시 광진구 동일로 459,37.571255,127.079803,19,0
555,555. 구의3동주민센터,서울특별시 광진구 강변역로 17,37.537849,127.092171,10,0
556,556. 달맞이공원,서울특별시 성동구 금호동4가 367-1,37.542053,127.020401,20,0
557,557. 도선동 주민센터 앞,서울특별시 성동구 무학로10길 6,37.567642,127.025696,10,0
558,558. 성동광진 교육지원청 앞,서울특별시 성동구 고산자로 260,37.564606,127.036522,20,0
559,559. 왕십리역 4번 출구 건너편,서울특별시 성동구 왕십리광장로 10-1,37.561096,127.036797,10,0
560,560. 비전교회 앞,서울특별시 성동구 동일로 213,37.551205,127.068932,8,0
561,561. 서울숲역 2번출구 앞,서울특별시 성동구 왕십리로 64,37.542816,127.04467,10,0
562,562. 군자지하보도 앞,서울특별시 성동구 동일로 313,37.559246,127.07341,10,0
563,563. 성동세무서 건너편,서울특별시 성동구 광나루로 302,37.547913,127.062752,10,0
564,564. 금호역 3번출구,서울특별시 성동구 동호로 99,37.547928,127.015572,15,0
565,565. 옥수역 3번출구,서울특별시 성동구 한림말길 56,37.541363,127.017662,20,0
567,567. 성수역 2번출구 앞,서울특별시 성동구 아차산로 113,37.54459,127.057083,15,0
568,568. 청계8가사거리 부근,서울특별시 동대문구 청계천로 417,37.571102,127.02356,10,0
569,569. 응봉현대아파트 정류소,서울특별시 성동구 독서당로 381,37.549583,127.030243,10,0
571,571. 어린이대공원역6번출구,서울특별시 광진구 군자로 74,37.548496,127.07476,20,0
572,572. 국립정신 건강센터 앞,서울특별시 광진구 능동로 398,37.56538,127.08651,20,0
573,573. 구의문주차장 앞,서울특별시 광진구 능동로 216,37.545231,127.084732,10,0
574,574. 아차산역4번출구,서울특별시 광진구 능동로 216,37.551849,127.088982,40,0
575,575. 중앙농협 중곡지점,서울특별시 광진구 용마산로 120,37.564293,127.086937,10,0
576,576. 광나루역 3번 출구,서울특별시 광진구 아차산로 552,37.54483,127.104263,10,0
577,577. 광진청소년수련관,서울특별시 광진구 구천면로 2,37.546547,127.106133,10,0
578,578. 성동세무서 부근,서울특별시 성동구 광나루로 303-1,37.548286,127.062088,8,0
579,579. 마장역 4번출구,서울특별시 성동구 마장로 292-1,37.565205,127.041847,8,0
580,580. 신금호역 3번출구 뒤,서울특별시 성동구 무수막길 97,37.554493,127.02021,6,0
581,581. 용답초등학교,서울특별시 성동구 용답25길 1,37.561012,127.054237,13,0
582,582. 경일중학교 앞,서울특별시 성동구 성수일로 27,37.543179,127.04908,10,0
583,583. 청계천 생태교실 앞,서울특별시 성동구 마장로39길 51,37.56797,127.04689,20,0
584,584. 광진광장 교통섬,서울특별시 광진구 군자동 374-8,37.547829,127.072632,20,0
585,585. 성수2가1동 공영주차장 인근,서울특별시 성동구 성수동2가 569-3,37.536808,127.055489,9,0
586,586. 마장동 주민센터,서울특별시 성동구 마장로42길 14,37.565941,127.045395,10,0
587,587. KEB하나은행 성수중앙지점,서울특별시 성동구 성수동2가 276-5,37.545418,127.052643,10,0
588,588. 뚝섬 유원지역,서울특별시 광진구 능동로 10,37.532688,127.067497,20,0
589,589. 성수역3번출구,서울특별시 성동구 아차산로 100,37.544159,127.056656,8,0
590,590. 건국대학교 (입학정보관),서울특별시 광진구 능동로 120,37.53989,127.073364,20,0
591,591. 건국대학교 (행정관),서울특별시 광진구 능동로 120,37.542778,127.075371,5,0
592,592. 건국대학교 학생회관,서울특별시 광진구 능동로 120,37.541912,127.077637,30,0
593,593.자양중앙나들목,서울특별시 광진구 자양강변길 301,37.528587,127.077873,5,0
594,594. 중랑물재생센터(서울새활용플라자),서울특별시 성동구 자동차시장길 49,37.558365,127.056908,15,0
600,600. 휘경2동 주민센터,서울특별시 동대문구 한천로 329,37.589912,127.06868,10,0
601,601. 용신동주민센터,서울특별시 동대문구 용두동 65-25,37.575947,127.037361,10,0
602,602. 장안동 사거리,서울특별시 동대문구 장한로 25길 2,37.572174,127.071388,10,0
604,604. 답십리초등학교 옆 공원,서울특별시 동대문구 전농로3길 23,37.569656,127.055962,15,0
605,605. 신설동역8번출구,서울특별시 동대문구 천호대로 26,37.5742,127.026497,8,0
606,606. 휘경공고앞,서울특별시 동대문구 겸재로 21,37.584625,127.07029,15,0
607,607. 신이문역 2번출구,서울특별시 동대문구 이문동186-1,37.602711,127.067863,10,0
608,608. 전농삼성아파트,서울특별시 동대문구 전농로 192,37.58131,127.055344,10,0
609,609. 제기2교,서울특별시 동대문구 제기동122-388,37.587791,127.037361,20,0
610,610. 동대문중 교차로,서울특별시 동대문구 답십리동 524-1,37.573086,127.052162,10,0
612,612. 시립동부병원 앞 사거리,서울특별시 동대문구 용두동 237-10 ,37.573666,127.030815,20,0
613,613. 신설동역 10번출구 앞,서울특별시 동대문구 신설동 92-34,37.575272,127.023468,10,0
614,614. 용두동 사거리,서울특별시 동대문구 용두동 237-10,37.577686,127.031013,20,0
615,615. 용두동 레미안허브리츠아파트 앞,서울특별시 동대문구 용두동 696-13 ,37.576382,127.03511,20,0
616,시립대 앞, 서울특별시 동대문구 전농동 135-5,37.582561,127.054367,20,0
617,617. 청솔우성아파트 앞,서울특별시 동대문구 답십리동 94-2 ,37.574203,127.057693,20,0
621,621. 동대문중학교 옆,서울특별시 동대문구 사가정로 62,37.574718,127.053391,13,0
622,622. 전농사거리 교통섬,서울특별시 동대문구 사가정로 119,37.577793,127.057831,15,0
623,623. 서울시립대 정문 앞,서울특별시 동대문구 서울시립대로 161,37.583698,127.053856,20,0
624,624. 전농동 동아아파트 앞,서울특별시 동대문구 서울시립대로 31,37.574188,127.045891,10,0
625,625. 답십리초등학교 앞(현대시장 옆),서울특별시 동대문구 전농로 34,37.568192,127.057175,9,0
626,626. 군자교 서측 녹지대,서울특별시 동대문구 장한로6길 95,37.561153,127.070969,10,0
627,627. 장안동삼거리 교통섬,서울특별시 동대문구 사가정로 240,37.578632,127.071907,10,0
628,628. 휘봉고등학교 앞,서울특별시 동대문구 한천로 290,37.586815,127.067543,15,0
630,630. 동대문구 보건소,서울특별시 동대문구 천호대로 145,37.574852,127.040306,15,0
631,631. 답십리역 1번출구,서울특별시 동대문구 천호대로 269,37.568184,127.051277,15,0
633,633. 청량리 기업은행 앞,서울특별시 동대문구 홍릉로 1,37.580406,127.044823,8,0
634,634. 외국어대 정문 앞,서울특별시 동대문구 이문로 107,37.59602,127.05983,20,0
635,635. 시조사 앞 (청량고정문 옆),서울특별시 동대문구 이문로1길 11,37.587517,127.052773,12,0
636,636. 세종대왕기념관 교차로,서울특별시 동대문구 회기로 56,37.5909,127.042587,9,0
637,637. KAIST 경영대학 앞,서울특별시 동대문구 회기로 85,37.591614,127.045792,10,0
638,638. 서울시립대 정보기술관,서울특별시 동대문구 한천로43길 12-14,37.583008,127.060974,20,0
639,639. 서울시립대 후문,서울특별시 동대문구 한천로43길 12-14,37.585197,127.060951,14,0
640,640. KEB하나은행 청량리역지점,서울특별시 동대문구 왕산로 205,37.582455,127.044495,6,0
641,641. 용두역 4번출구,서울특별시 동대문구 청계천로 563,37.573753,127.038536,10,0
642,642. 신답역 사거리,서울특별시 동대문구 천호대로 231,37.570156,127.048584,7,0
643,643. 동대문구민체육센터 (육교아래),서울특별시 동대문구 장안벚꽃로 77,37.566971,127.074417,10,0
646,646. 장한평역 1번출구 (국민은행앞),서울특별시 동대문구 천호대로 405,37.561867,127.064377,10,0
647,647. 신이문역 1번출구,서울특별시 동대문구 신이문로 44,37.602798,127.067268,10,0
648,장안동 위더스빌 옆,서울특별시 동대문구 한천로 42,37.5667,127.062424,15,0
650,650. 중랑교사거리,서울특별시 동대문구 망우로 131,37.591534,127.067741,20,0
651,651. 우리은행청량리지점앞,서울특별시 동대문구 왕산로 239,37.582748,127.048279,10,0
652,답십리 래미안엘파인아파트 입구,동대문구 전농동 6-6,37.57653,127.065941,20,0
654,654. 전농동 텃골공원,서울특별시 동대문구 사가정로 65,37.577621,127.052109,10,0
656,영휘원 교차로,동대문구 청량리동 199-232,37.587238,127.043137,10,0
657,동대문롯데캐슬아파트 앞,동대문구 답십리로23길 30(전농동 518),37.57576,127.04837,13,0
658,촬영소 사거리,동대문구 답십리로 233(답십리동 2-146),37.572948,127.066147,10,0
659,제기역1번출구,동대문구 용두동 237-10,37.57835,127.033386,15,0
660,동의보감타워,동대문구 왕산로 128,37.577999,127.037628,10,0
661,경희대학교 청운관,동대문구 경희대로 26,37.594601,127.051964,10,0
663,외대앞역 4번출구,동대문구 휘경동 146-42,37.594891,127.063026,10,0
700,700. KB국민은행 염창역 지점 앞,서울특별시 양천구 목동 559,37.546848,126.872772,20,0
701,701. 목동사거리 부근,서울특별시 양천구 목동 813,37.532803,126.86393,8,0
702,702. 목4동주민센터 옆,서울특별시 양천구 목동 904-3,37.532543,126.868729,16,0
703,703. 오목교역 7번출구 앞,서울특별시 양천구 목동 451,37.524063,126.87558,12,0
704,704. 남부법원검찰청 교차로,서울특별시 양천구 신정동 1095,37.523254,126.864906,15,0
706,706. 신정네거리역,서울특별시 양천구 신월동 894,37.521881,126.851753,15,0
707,707. 신정3동주민센터,서울특별시 양천구 중앙로 209,37.515156,126.854897,10,0
708,708. 서울출입국관리사무소 앞,서울특별시 양천구 신정동 319-3,37.51897,126.869965,16,0
709,709. 신정3동 현장민원실 앞,서울특별시 양천구 신정동 760-2,37.511585,126.84156,20,0
710,710. 서부화물트럭터미널 사거리,서울특별시 양천구 신정동 759-2,37.510658,126.842537,12,0
711,711. 신일해피트리아파트 앞,서울특별시 양천구 신월동 1063-4,37.517059,126.848488,20,0
712,712. 강월초교입구 사거리,서울특별시 양천구 신월동 905,37.516998,126.838318,14,0
713,713. 양서중학교 옆,서울특별시 양천구 신월동 790,37.533047,126.829956,20,0
714,714. 한국SGI 양천문화회관 앞,서울특별시 양천구 신월동 790,37.532547,126.830803,10,0
716,716.신정6동 주민센터 인근,서울특별시 양천구 목동서로 355,37.517281,126.864334,15,0
719,719. 홍익병원앞 교차로,서울특별시 양천구 등촌로 2,37.530369,126.864258,10,0
720,720. 서울강월초등학교 앞,서울특별시 양천구 신월로 97,37.516197,126.8349,10,0
722,722. LG전자베스트샵 신정점 ,서울특별시 양천구 신월로 328,37.521435,126.857384,10,0
723,723. SBS방송국,서울특별시 양천구 목동서로161,37.529163,126.872749,15,0
724,724. 계남공원 입구 주출입구 좌측,서울특별시 양천구 신정동 621-14,37.510681,126.857399,15,0
725,725. 양강중학교앞 교차로,서울특별시 양천구 남부순환로88길5-16,37.524334,126.850548,15,0
726,726. 목동3단지 시내버스정류장,서울특별시 양천구 목동중앙로 49 ,37.534389,126.869598,15,0
729,729. 서부식자재마트 건너편,서울특별시 양천구 신정동 236 ,37.51038,126.866798,10,0
731,731. 서울시 도로환경관리센터,서울특별시 양천구 목동동로 316-6,37.5299,126.876541,10,0
732,732. 신월동 이마트,서울특별시 양천구 화곡로 59,37.539551,126.8283,10,0
733,733. 신정이펜하우스314동,서울특별시 양천구 신정이펜1로50 ,37.514099,126.831001,10,0
734,734. 신트리공원 입구,서울특별시 양천구 신정동 310-8 ,37.51395,126.856056,10,0
735,735. 영도초등학교,서울특별시 양천구 목동중앙로 70 ,37.53643,126.871521,10,0
736,736. 오솔길공원,서울특별시 양천구 남부순환로70길11-9,37.52219,126.8367,10,0
737,737. 장수공원,서울특별시 양천구 신월로 894 ,37.52256,126.84948,10,0
739,739. 신월사거리,서울특별시 양천구 신월동 263,37.536201,126.827797,15,0
740,740. 으뜸공원,서울특별시 양천구 가로공원로 133,37.536369,126.831711,10,0
741,741. 화곡로 입구 교차로,서울특별시 양천구 신월동 258,37.53952,126.825401,10,0
742,742. 등촌역 5번 출구 뒤,서울특별시 양천구 등촌로 236,37.550732,126.864578,10,0
743,743. 현대6차아파트 101동 옆,서울특별시 양천구 신정동 735-5,37.5089,126.842682,10,0
744,744. 신목동역 2번 출구,서울특별시 양천구 목동중앙로 212 앞,37.543842,126.882545,10,0
745,745. 강서초등학교,서울특별시 양천구 오목로 31 부근,37.522282,126.839699,10,0
746,746. 목동2단지 상가,서울특별시  양천구 목동 902-5 ,37.536503,126.877747,10,0
747,747. 목동3단지 상가,서울특별시 양천구 목동 903-6,37.53458,126.875648,10,0
748,748. 목동운동장,서울특별시 양천구 안양천로 939,37.530251,126.879303,15,0
749,이대 목동병원 앞,서울특별시 양천구 목동 911-10,37.537228,126.886612,10,0
750,750. 연의근린공원 건너편,서울특별시 양천구 신정로7길 92,37.512157,126.835625,10,0
752,752. 성원2차 아파트,서울특별시 양천구 목동중앙남로 100,37.542183,126.863304,10,0
754,목동1단지아파트 118동 앞(월촌초등학교 정류소 옆), 양천구 목동서로 38,37.541142,126.876678,10,0
755,목동1단지아파트 상가 앞(월촌중학교 버스정류소 옆),양천구 목동서로 38,37.537868,126.881409,10,0
756,목동주차장,양천구 목동동로 298,37.52668,126.876167,10,0
757,신정이펜하우스1단지아파트 입구 사거리,양천구 신정이펜1로 99,37.514278,126.828743,10,0
758,한사랑교회 앞,양천구 목동동로 33,37.514721,126.8592,10,0
759,보아스아파트 앞,양천구 오목로3길 32,37.524071,126.8386,9,0
760, 잣절보도육교 아래, 양천구 남부순환로 699,37.506821,126.844299,10,0
762, 오목로 무중력지대 앞, 양천구 신목로 126,37.524551,126.877052,10,0
763,목동11단지 아파트,목동동로 10,37.510658,126.859161,10,0
764,목동청소년수련관,양천구 목동동로 323,37.531029,126.875893,30,0
765,765. 오목교역 3번출구,서울특별시 양천구 목동동로 270,37.524776,126.875481,10,0
800,800. 목월공원 앞,서울특별시 용산구 원효로4가 109-10,37.532433,126.954742,15,0
802,802. 한강진역 2번 출구 앞,서울특별시 용산구 한남동 726-494,37.541153,127.002213,10,0
803,803. 한남초교 앞 보도육교,서울특별시 용산구 한남동 725-17,37.538139,127.004097,10,0
805,805. 문배어린이공원 앞,서울특별시 용산구 문배동 34-10,37.536758,126.970001,9,0
806,806. 전자랜드 본관 앞,서울특별시 용산구 한강로3가 16-8,37.533066,126.960732,20,0
807,807. 서울역 12번 출구 앞,서울특별시 용산구 동자동 14-229,37.552277,126.972687,10,0
808,808. 서빙고동 금호맨션 앞,서울특별시 용산구 서빙고동 235-5,37.520504,126.989738,10,0
809,809. 한남 유수지 복개주차장,서울특별시 용산구 독서당로 18,37.530167,127.007439,10,0
810,810. 이태원지하보도,서울특별시 용산구 용산동2가 5-1812,37.53841,126.986649,10,0
811,811. 녹사평역1번출구,서울특별시 용산구 용산동2가 6-7,37.53508,126.985382,20,0
812,812. 용산전쟁기념관,서울특별시 용산구 용산동1가 8-4,37.53484,126.977661,20,0
813,813. 삼각지역 3번출구,서울특별시 용산구 한강로1가 228-1,37.533512,126.972275,20,0
815,815. LIG강촌아파트 103동앞,서울특별시 용산구 이촌동301-5,37.518509,126.978798,20,0
816,816. 신용산역 6번출구 앞,서울특별시 용산구 한강대로 115,37.530148,126.968483,15,0
817,817. 삼각지역 4번출구 앞,서울특별시 용산구 한강대로 161,37.533451,126.971733,9,0
818,818. 숙명여대 입구 교차로,서울특별시 용산구 청파로47길 100,37.544895,126.969383,15,0
819,819. 선린인터넷 고등학교,서울특별시 용산구 원효로97길 33-4,37.541653,126.970505,12,0
820,820. 청파동입구 교차로,서울특별시 용산구 한강대로 349,37.549026,126.971947,10,0
822,822. 이촌1동 마을공원,서울특별시 용산구 이촌로 219,37.522041,126.965523,10,0
823,효창동주민센터 앞,서울특별시 용산구 효창동 255-17 임,37.54232,126.96196,10,0
825,825. 서빙고동 주민센터 앞,서울특별시 용산구 서빙고로 279,37.520336,126.994263,15,0
826,826. 서울역 서부교차로2,서울특별시 중구 만리동1가 22-1,37.555367,126.968643,20,0
827,827. 국군복지단,서울특별시 용산구 두텁바위로 54-99,37.541885,126.97966,20,0
828,828. 숙대입구역 8번,서울특별시 용산구 한강대로 289,37.544079,126.972,7,0
829,829. 베르가모앞,서울특별시 용산구 한강대로 23,37.52293,126.961693,40,0
830,830. 청암자이아파트앞,서울특별시 용산구 원효로 35,37.534424,126.94857,10,0
831,831. 이태원관광특구입구,서울특별시 용산구 이태원로 134,37.534279,126.988564,15,0
832,832. 이촌1동 주민센터 뒤,서울특별시 용산구 이촌로71길 24,37.521282,126.973465,15,0
834,834. 효창공원앞역 3번출구 뒤,서울특별시 용산구 백범로 지하 287,37.539009,126.96138,15,0
835,835. 남영역 건너편,서울특별시 용산구 한강대로77길 18,37.541981,126.971542,10,0
836,836. 현대자동차서비스 앞,서울특별시 용산구 원효로 74,37.531422,126.9515,15,0
837,837. 한남나들목 입구,서울특별시 용산구 서빙고로 417,37.52906,127.006729,10,0
838,숙대입구역 4번출구,서울특별시 용산구 남영동 19-8,37.54446,126.972389,8,0
839,보광동 삼성리버빌아파트 앞,용산구 보광로5길 40,37.52401,127.00145,10,0
840,용산 파크타워 앞,용산구 서빙고로 67,37.523651,126.970268,10,0
841,신용산역 1번 출구,용산구 한강대로 100,37.52961,126.968872,15,0
843,녹사평역 광장,용산구 이태원로 134,37.533798,126.98867,10,0
844,이촌2동 동원베네스트 아파트 앞,용산구 이촌로14길 7,37.527149,126.955162,11,0
845,용산 선인상가,용산구 한강로3가 3-42,37.5327,126.964378,22,0
846,용산중학교,  용산구 후암동 260,37.546638,126.981041,15,0
900,900. 은평예술회관,서울특별시 은평구 녹번동 85-4,37.603943,126.927696,20,0
901,901. 응암1동사무소,서울특별시 은평구 응암동 84-14,37.600975,126.926956,10,0
902,902. 진관동 은빛초등학교,서울특별시 은평구 진관동 45-21,37.643108,126.918221,10,0
903,903. 은평뉴타운 아이파크,서울특별시 은평구 진관동 13-20,37.645866,126.927391,20,0
904,904. 은평뉴타운 푸르지오,서울특별시 은평구 진관동 5-8,37.648674,126.930702,18,0
905,905. 구파발역 2번출구,서울특별시 은평구 진관동 86-31,37.636234,126.918999,11,0
906,906. 연신내역 5번출구150M 아래,서울특별시 은평구 대조동 207-8,37.61721,126.919579,10,0
907,907. CJ 드림시티,서울특별시 은평구 역촌동 43-11,37.599491,126.916862,10,0
908,908. 구산역 4번출구,서울특별시 은평구 갈현동 536-8,37.613186,126.917351,10,0
909,909. 백련산 힐스테이트 3차,서울특별시 은평구 응암동 761-9,37.586994,126.922882,10,0
911,911. 은평평화공원(역촌역4번출구),서울특별시 은평구 녹번동 153-31,37.605583,126.922935,10,0
912,912. 응암오거리,서울특별시 은평구 응암동 604-5,37.589661,126.916946,10,0
913,913. 이마트 은평점,서울특별시 은평구 응암동 90-15,37.6007,126.920128,15,0
914,914. 새절역 2번출구,서울특별시 은평구 응암동 610-3,37.590797,126.913651,20,0
915,915. 증산역 4번출구,서울특별시 은평구 증산동 199-8,37.584381,126.909897,10,0
916,916. 평생학습관 앞,서울특별시 은평구 역촌동 15-40,37.607849,126.921326,7,0
917,917. 녹번역 4번출구,서울특별시 은평구 녹번동 55,37.601299,126.935349,9,0
919,919. 서울혁신파크,서울특별시 은평구 녹번동 15-2,37.607948,126.932503,10,0
921,921. 신도고등학교,서울특별시 은평구 진관동 242-14,37.630016,126.919029,10,0
922,922. 연신내역 4번출구,서울특별시 은평구 대조동 227-2,37.617802,126.921967,10,0
923,923. 국민은행 연서지점,서울특별시 은평구 불광동 355,37.620949,126.925636,10,0
924,924. 메뚜기다리,서울특별시 은평구 진관동 161-9,37.628517,126.929581,15,0
925,925. 불광역 2번출구,서울특별시 은평구 불광동 285-43,37.609566,126.930977,8,0
926,926. 불광역 8번출구,서울특별시 은평구 불광동 276-6,37.611179,126.929665,8,0
927,927. 연신내역 3번출구 인근,서울특별시 은평구 불광동 304-5,37.617855,126.922523,10,0
928,928. 은평역사한옥박물관,서울특별시 은평구 진관동 133-29,37.641315,126.938042,15,0
930,930. 구 서부경찰서 건너편,서울특별시 은평구 역촌동 41-7,37.601662,126.920303,7,0
931,931. 역촌파출소,서울특별시 은평구 역촌동 45-34,37.604736,126.915337,20,0
932,932. 예일여중,서울특별시 은평구 연서로 117,37.610004,126.916397,10,0
933,933. LG서비스 역촌점,서울특별시 은평구 서오릉로 163,37.612484,126.914879,10,0
934,934. 신사동 성당,서울특별시 은평구 신사동 41-3,37.597141,126.909599,15,0
935,935. 역촌역 1번 출구,서울특별시 은평구 역촌동 17-55,37.605202,126.922112,7,0
937,937. 상림마을 롯데캐슬2단지 옆,서울특별시 은평구 진관동 30-23,37.645851,126.923798,15,0
938,938. 금암 문화공원,서울특별시 진관동 44-28 ,37.644684,126.918457,15,0
939,939. 은평구청 교차로,서울특별시 응암동 82-31,37.6017,126.927422,15,0
941,941. 은평뉴타운 도서관,서울특별시 진관동 141-27,37.637222,126.933304,13,0
942,942. 상림마을 생태공원,서울특별시 진관동 16-4,37.644081,126.929283,9,0
943,943. 은평구청 보건소,서울특별시 녹번동 84,37.602402,126.92865,10,0
945,945. 기자촌 사거리,서울특별시 은평구 진관동 149-17,37.63414,126.932343,10,0
946,독바위역,서울특별시 은평구 불광로 129,37.618439,126.932884,10,0
947,947. 연신내 선일하이츠빌 정류소,서울특별시 불광동 484-165,37.622669,126.919991,10,0
948,948. 디지털미디어 시티역 4번출구,서울특별시 증산동 239,37.577202,126.902351,10,0
949,949. 연신내역 1번 출구 ,서울특별시 불광동 487-2,37.619781,126.920807,7,0
950,950. 구산역 2번 출구 ,서울특별시 역촌동 1-57,37.610779,126.917351,5,0
951,951. 연신내역 6번출구옆,서울특별시 갈현동 389-15 ,37.619305,126.920593,15,0
952,952. 서울연신중학교,서울특별시 불광동 400-4번지,37.62265,126.925247,10,0
953,953. 서울연신초등학교,서울특별시 불광동 73-1번지 ,37.625778,126.928818,10,0
954,954. 은평뉴타운구파발9단지,서울특별시 은평구 진관3로 77,37.642609,126.921478,10,0
956,956. 응암시장교차로,서울특별시 은평구 응암로 248,37.594376,126.918159,9,0
958,신한은행 응암동 지점 앞,응암동 98-69,37.600361,126.922813,13,0
959,구파발10단지 인근,진관동 72-23,37.643661,126.914558,10,0
960,구파발역 환승센터,진관동 67-26,37.638252,126.919456,15,0
961,불광역 9번 출구,불광동 281-109,37.61097,126.92981,8,0
962,은평뉴타운 힐데스하임,진관동 70-4,37.639259,126.918907,10,0
963,대호프라자아파트,은평구 불광동 242-61 ,37.614429,126.932579,13,0
964,북한산힐스테이트 7차아파트,은평구 불광동 643-4,37.616112,126.925041,10,0
965,서울특별시 은평병원,은평구 응암동 232-3,37.593479,126.923187,10,0
966,서울혁신파크1, 은평구 녹번동 5,37.609032,126.934677,10,0
967,서울혁신파크2,은평구 녹번동 5,37.60891,126.932419,13,0
968,은평뉴타운 상림마을 13단지,은평구 진관4로 48-50,37.64209,126.929413,7,0
969,은평 지웰테라스,은평구 진관4로 78-38,37.64386,126.931877,9,0
971,역촌 센트레빌 아파트,은평구 역촌동 221,37.602329,126.906548,10,0
1001,1001. 광진교 남단 사거리(디지털프라자앞),서울특별시 강동구 구천면로 171,37.541805,127.124718,15,0
1002,1002. 해공공원(천호동),서울특별시 강동구 올림픽로 702,37.545219,127.125916,10,0
1003,1003. 해공도서관앞,서울특별시 강동구 올림픽로 702,37.543915,127.125458,20,0
1004,1004. 삼성광나루아파트 버스정류장,서울특별시 강동구 상암로3길 77,37.553349,127.12886,10,0
1006,1006. 롯데캐슬 115동앞,서울특별시 강동구 양재대로 1665,37.55492,127.142799,15,0
1007,1007.암사동 선사유적지,서울특별시 강동구 올림픽로 875,37.559517,127.130844,16,0
1008,1008. 암사역 3번출구(국민은행앞),서울특별시 강동구 올림픽로 지하 776,37.549549,127.127151,10,0
1009,1009. 천호역4번출구(현대백화점),서울특별시 강동구 천호대로 지하 997,37.538658,127.124214,20,0
1010,1010. 강동세무서,서울특별시 강동구 천호대로 1139,37.534481,127.138344,20,0
1011,1011. LIGA 아파트 앞,서울특별시 강동구 천호대로 1120,37.534771,127.135239,20,0
1012,1012. 서울 상운차량,서울특별시 강동구 올림픽로 610,37.536026,127.122726,15,0
1013,1013. 강동구청역 1번 출입구,서울특별시 강동구 올림픽로 지하 550,37.530773,127.120926,15,0
1014,1014. 강동구평생학습관앞,서울특별시 강동구 고덕로 295,37.5508,127.142624,15,0
1015,1015. 샛마을 근린공원,서울특별시 강동구 구천면로 431-2,37.550079,127.146912,13,0
1016,1016. 해뜨는 주유소옆 리엔파크 109동앞,서울특별시 강동구 상일로 152,37.559399,127.171158,10,0
1017,1017. 맥도날드(길동),서울특별시 강동구 천호대로 1207,37.535473,127.145172,20,0
1018,1018. 둔촌 주공 GS 맞은편,서울특별시 강동구 양재대로 1330,37.524681,127.135406,20,0
1019,1019. 다성이즈빌아파트(호원대 대각선 맞은편),서울특별시 강동구 성내로 91,37.526825,127.130028,10,0
1020,1020. 강동경찰서,서울특별시 강동구 성내로 57,37.52829,127.126801,15,0
1021,1021. 강일동 리슈빌 빌딩앞,서울특별시 강동구 아리수로 419,37.564301,127.17395,15,0
1022,1022. 길동 사거리(초소앞),서울특별시 강동구 양재대로 1441,37.533764,127.138031,20,0
1023,1023. 한국종합기술사옥 앞,서울특별시 강동구 상일동 504 ,37.549999,127.17469,15,0
1024,1024.  강동구청 앞,서울특별시 성내동 546-3 ,37.529251,127.123108,10,0
1025,1025. 상일초등학교,서울특별시  상일동 440-3,37.546841,127.172516,10,0
1026,1026. 대명초교 입구 교차로,서울특별시 명일동 59,37.546631,127.155884,14,0
1027,1027. 프라자 아파트 앞,서울특별시 길동 176-3,37.535999,127.147697,20,0
1028,1028. 포레스 주상복합 빌딩,서울특별시 성내동 119-2,37.5331,127.12278,10,0
1029,1029. 롯데 시네마,서울특별시 성내동  44-1,37.536541,127.125397,10,0
1030,1030. 미호 플랜트 앞,서울특별시 성내동 478,37.527061,127.12207,15,0
1031,1031. 암사동 CBIS,서울특별시 암사동 440-13,37.555851,127.129898,15,0
1032,1032. 선사고등학교,서울특별시 암사동 445,37.556728,127.136208,20,0
1033,1033. 고덕동 아남아파트,서울특별시 고덕동 673,37.557991,127.144707,10,0
1034,1034. 고덕동 래미안 힐스테이트,서울특별시 고덕동 603,37.561909,127.150749,15,0
1035,1035. 고덕역 4번출구,서울특별시 명일동 46-5,37.555016,127.155273,20,0
1036,1036. 고덕동 주양쇼핑,서울특별시 명일동 48-2,37.551998,127.153297,10,0
1037,1037. 강일리버파크 6단지,서울특별시 강일동 448-2,37.562588,127.177612,10,0
1038,1038. 강일 다솜 어린이 공원,서울특별시 강일동 333-2,37.568668,127.174797,10,0
1039,1039. 고덕초등학교,서울특별시 고덕동 215,37.561279,127.167801,7,0
1041,1041. 묘곡초등학교,서울특별시 고덕동 499-2,37.559196,127.153297,10,0
1042,1042. 강일 2.5단지 사이,서울특별시 강일동 63-20,37.568562,127.177002,10,0
1044,1044. 굽은다리역,서울특별시  양재대로 1572,37.545399,127.142601,15,0
1047,1047. 건강보험 강동지사kt,서울특별시 강동구 천호대로175길 39,37.536381,127.137253,10,0
1048,1048. 동부기업(둔촌동),서울특별시 강동구 진황도로 172,37.531013,127.142365,10,0
1049,1049. 강일리버파크 10단지,서울특별시 강동구 고덕로97길 20,37.56118,127.180267,10,0
1050,1050.  둔촌역 3번 출입구,서울특별시 강동구 양재대로 1355,37.526695,127.135529,15,0
1051,1051. 양지시장 (용성약국앞) 입구,서울특별시 강동구 고덕로 109,37.554829,127.137321,15,0
1052,리싸이클시티,강동구 동남로 930,37.556469,127.156822,10,0
1053,동명근린공원 진입로 (아리수로),고덕동 230,37.562538,127.164528,8,0
1054,말우물 어린이 공원,상일로 27길 14-7,37.560009,127.169579,10,0
1056,강일리버파크 7~11단지,강일동 435-2,37.563332,127.179092,10,0
1057,능골근린공원,상일동 482,37.55579,127.173813,15,0
1058,고덕숲 아이파크 1,상일동 133,37.553471,127.165001,12,0
1059,레미안 강동팰리스(102동),강동구 천호동 166-56,37.538181,127.131752,15,0
1060,천일초교 사거리,강동구 천호동 217-18,37.544659,127.132637,8,0
1061,천호초교 입구 사거리(일주빌딩), 강동구 천호동 234-2,37.546928,127.134621,10,0
1062,고덕숲 아이파크 2,강동구 상일동 163,37.551079,127.162621,15,0
1101,1101. 개화동상사마을종점 버스정류장,서울특별시 강서구 개화동로5길 3-8,37.581612,126.798599,10,0
1102,1102. 방화사거리 마을버스 버스정류장,서울특별시 강서구 양천로17길 6,37.573643,126.811806,10,0
1103,1103. 방화역 4번출구앞,서울특별시 강서구 금낭화로 135,37.577221,126.812195,10,0
1105,1105. 방화근린공원,서울특별시 강서구 금낭화로 176,37.581623,126.812653,10,0
1106,1106. 신방화사거리,서울특별시 강서구 방화대로 342,37.573032,126.816452,10,0
1108,1108. 공항시장역 2번출구 뒤,서울특별시 강서구 방화동로 지하 30,37.56356,126.81015,8,0
1109,1109. 공항시장역 4번출구,서울특별시 강서구 방화동로 지하 30,37.563347,126.810486,6,0
1110,1110. 공항중학교앞,서울특별시 강서구 방화대로 241,37.562683,126.816238,10,0
1111,1111. 마곡엠밸리6_7단지 마곡중학교,서울특별시 강서구 마곡중앙5로 58,37.566982,126.8218,15,0
1112,1112. 마곡엠밸리4단지 정문,서울특별시 강서구 마곡서로 175,37.568577,126.824776,15,0
1113,1113. 서남환경공원 버스정류장,서울특별시 강서구 양천로 201,37.573093,126.822899,15,0
1114,1114. 서남물재생센터 버스정류장,서울특별시 강서구 양천로 200,37.572781,126.826279,15,0
1115,1115. 등촌역 1번출구옆,서울특별시 강서구 공항대로59길 8,37.551666,126.86409,10,0
1117,1117. 스타벅스앞,서울특별시 강서구 공항대로 329,37.558197,126.844261,10,0
1118,1118. 증미역 3번출구뒤(등촌두산위브센티움오피스텔),서울특별시 강서구 양천로 지하 560,37.557461,126.861458,10,0
1119,1119. 염창동 한마음아파트앞(염창동 빛나는 음악학원앞),서울특별시 강서구 양천로 637,37.554253,126.867561,6,0
1120,1120. 대림경동아파트앞,서울특별시 강서구 허준로 121,37.565189,126.853996,10,0
1121,1121. 가양레포츠센터앞,서울특별시 강서구 양천로61길 101,37.559479,126.86438,15,0
1122,1122. 황금내근린공원,서울특별시 강서구 허준로 221-40,37.561932,126.863869,10,0
1124,1124. 발산역 6번출구옆(다이소앞),서울특별시 강서구 공항대로 280,37.557968,126.838287,10,0
1125,1125. 명덕고교입구(영종빌딩),서울특별시 강서구 강서로 304,37.552914,126.836571,10,0
1126,1126. 우장산역 1번출구옆(우장산아이파크105동앞),서울특별시 강서구 강서로 지하 262,37.548908,126.836563,7,0
1127,1127. 화곡역(에이스정형외과앞) 버스정류장,서울특별시 강서구 화곡로 157,37.540981,126.838547,10,0
1128,1128. 화곡역 6번출구,서울특별시 강서구 화곡로 지하 168,37.541412,126.840225,10,0
1129,1129. 화곡역 1번 출구 앞,서울특별시 강서구 화곡로 지하 168,37.542099,126.840218,7,0
1130,1130. 화곡본동시장 버스정류장,서울특별시 강서구 화곡로 196,37.542751,126.842621,7,0
1131,1131. 꿈돌이공원 앞,서울특별시 강서구 화곡로 232,37.546444,126.845459,8,0
1132,1132. 등촌역 7번출구,서울특별시 강서구 공항대로 지하 529,37.551109,126.863708,10,0
1135,1135. 강서구의회,서울특별시 강서구 등촌로 185,37.546532,126.862549,10,0
1136,1136. 등촌2파출소,서울특별시 강서구 등촌로 167,37.544788,126.862,10,0
1137,1137. 등촌2동주민센터,서울특별시 강서구 등촌로 143,37.541431,126.86322,10,0
1139,1139. 용문사 버스정류장,서울특별시 강서구 등촌로 95,37.536991,126.863365,8,0
1140,1140. 목동사거리 버스정류장,서울특별시 강서구 등촌로 19,37.531399,126.863609,15,0
1141,1141. 곰달래 문화복지센터 1-1,서울특별시 강서구 강서로5길 50,37.52906,126.84848,10,0
1145,1145. 곰달래 문화복지센터 1-2,서울특별시 강서구 강서로5길 50,37.528919,126.848083,10,0
1146,1146. 곰달래사거리,서울특별시 강서구 곰달래로 51,37.530338,126.838257,10,0
1148,1148. 볏골공원,서울특별시 강서구 까치산로4길 22,37.54147,126.84478,10,0
1149,1149. 신방화역환승주차장,서울특별시 강서구 마곡서1로 111-12,37.567284,126.818275,13,0
1150,1150. 송정역 1번출구,서울특별시 강서구 공항대로3길 18,37.56155,126.810478,10,0
1151,1151. 마곡역1번출구,서울특별시 강서구 마곡동 727-716,37.560234,126.823471,25,0
1152,1152. 마곡역교차로,서울특별시 강서구 마곡동 728-168,37.558666,126.826614,10,0
1153,1153. 발산역 2번출구,서울특별시 강서구 공항대로 281,37.55891,126.838097,10,0
1155,1155. 기쁜우리복지관,서울특별시 강서구 가양동 1458-15 ,37.56926,126.848419,10,0
1157,1157. 강서구청,서울특별시 강서구 화곡로 302,37.550659,126.84977,8,0
1158,1158. 가양역 8번출구,서울특별시 강서구 양천로 지하 485,37.561035,126.854813,20,0
1159,1159. 서서울모터리움앞,서울특별시 강서구 양천로53길 30,37.565853,126.846596,20,0
1160,1160. 양천향교역 7번출구앞,서울특별시 강서구 양천로 지하 341,37.56768,126.840897,20,0
1161,1161. 강서면허시험장앞,서울특별시 강서구 남부순환로 171,37.549694,126.819664,10,0
1162,1162. 공항초등학교건너편,서울특별시 강서구 마곡서1로 68,37.562679,126.820473,10,0
1163,1163. 방화동강서기동대앞,서울특별시 강서구 방화대로34길 65,37.570499,126.820084,10,0
1165,1165. 마곡중학교 후문,서울특별시 강서구 마곡중앙5로 58,37.568447,126.821648,20,0
1166,1166. 강서구립등빛도서관,서울특별시 강서구 강서로62길 48,37.562569,126.842461,10,0
1167,1167. 마곡수명산파크3단지 교차로,서울특별시 강서구 수명로 72,37.553467,126.825928,15,0
1168,1168. 마곡엠밸리10단지 앞,서울특별시 강서구 마곡중앙1로 72,37.560226,126.819069,10,0
1169,염창역 1번 출구,강서구 공항대로 625,37.547199,126.874489,8,0
1170,강서구보건소(삼성디지털 프라자),강서구 공항대로 571 ,37.549179,126.868797,11,0
1171,염창동 새마을금고 건너편(모닝글로리),강서구 양천로 696,37.550049,126.873161,8,0
1172,가양3동 주민센터,강서구 허준로 202,37.561249,126.86058,8,0
1173,강서구청사거리(SH타워),강서구 공항대로 411 ,37.556259,126.853317,15,0
1174,강서구청사거리(부민병원),강서구 공항대로 395 ,37.556599,126.851471,9,0
1175,대한항공 인력개발센터,강서구 공항대로 453 ,37.554379,126.857536,15,0
1177,수명중․고교,"강서구 수명로1길 16, 401동 앞",37.55011,126.823677,10,0
1178,개화산역 2번 출구,강서구 양천로 22,37.572472,126.806168,10,0
1180,마곡엠밸리 15단지(1502동) 건너편,강서구 마곡중앙로 36,37.557468,126.82972,15,0
1181,농산식품공사(강서지사),강서구 발산로 40,37.551044,126.818497,10,0
1182,KBS 스포츠월드,강서구 공항대로 376,37.556877,126.848808,20,0
1183,KC 대학교,강서구 까치산로 24길 47,37.548321,126.853401,10,0
1184,마곡13단지,강서구 공항동 1343,37.55645,126.815979,15,0
1185,등촌9단지,강서구 화곡로 63가길 92 (등촌동 704),37.562901,126.849472,10,0
1186,송정중학교,강서구 공항동 1342,37.554729,126.816093,10,0
1187,강서수산물도매시장,강서구 외발산동 424,37.55302,126.818367,15,0
1188,롯데중앙연구소,강서구 마곡동 301-3,37.571381,126.828339,8,0
1190,마곡역 교차로(2번출구),강서구 마곡동 727-747 ,37.560501,126.826653,10,0
1191,마곡역 교차로(NH농협),강서구 마곡동 727-925,37.560242,126.827164,9,0
1192,마곡수명산파크 209동 건너편,강서구 내발산동 741-8,37.555538,126.826759,10,0
1193,마곡센트럴타워1차,강서구 마곡동 727-1136,37.559471,126.832077,15,0
1194,센서택㈜,강서구 마곡동 727-457,37.563301,126.836823,10,0
1195,코오롱 One&Only 타워,강서구 마곡동 727-525,37.564129,126.834312,20,0
1196,서울식물원(문화센터) 건너편,강서구 마곡동 727-286,37.568241,126.835831,15,0
1197,엘펠리체 호텔 건너편,강서구 마곡동 727-1187,37.560242,126.835808,20,0
1198,LG 사이언스피크,강서구 마곡동 727-925,37.56255,126.827438,20,0
1199,우장산역 3번출구,강서구 화곡동 1006-2,37.547821,126.836128,13,0
1200,개화광역환승센터,강서구 개화동 492-22,37.578449,126.798973,10,0
1201,1201. 가락시장역 3번 출구,서울특별시 송파구 송파대로 지하 257,37.493179,127.118546,10,0
1203,1203. 밀리아나2빌딩 앞,서울특별시 송파구 송파대로28길 24,37.493729,127.120621,20,0
1204,1204. 거여역 3번출구,서울특별시 송파구 오금로 지하 499,37.493343,127.14473,10,0
1205,1205. 종합운동장역 4번출구,서울특별시 송파구 올림픽로 8,37.510429,127.071373,15,0
1206,1206. 9호선종합운동장역 9번출구,서울특별시 송파구 올림픽로 지하 23,37.51128,127.078239,20,0
1207,1207. 마천CU우방점 앞,서울특별시 송파구 성내천로 233,37.499756,127.152504,10,0
1208,1208. 풍납현대아파트쉼터,서울특별시 송파구 풍성로14길 19,37.529675,127.119789,20,0
1209,1209. 잠실나루역 (2번 출구 쪽),서울특별시 송파구 오금로 20,37.520451,127.104202,20,0
1210,1210. 롯데월드타워(잠실역2번출구 쪽),서울특별시 송파구 올림픽로 293-19,37.513126,127.10096,30,0
1211,1211. 방이삼거리,서울특별시 송파구 석촌호수로 298,37.512104,127.10778,7,0
1212,1212. 송파역 2번 출구앞,서울특별시 송파구 송파대로 지하 354,37.499413,127.112869,10,0
1213,1213. 백토공원 앞,서울특별시 송파구 양재대로72길 47-8,37.50766,127.132736,20,0
1214,1214. 오금역 7번 출구 인근,서울특별시 송파구 오금로 지하 321,37.502594,127.127647,10,0
1215,1215. 올림픽공원역 1번출구 앞,서울특별시 송파구 양재대로 지하 1233,37.516571,127.131538,15,0
1217,1217. 송파파인타운 7단지,서울특별시 송파구 충민로4길 19,37.479305,127.129799,15,0
1218,1218. 방이역 4번출구,서울특별시 송파구 양재대로 지하 1127,37.508968,127.125839,12,0
1220,1220. 잠실본동주민센터뒤 잠실근린공원,서울특별시 송파구 백제고분로15길 7,37.505692,127.084038,15,0
1221,1221. 삼전사거리 포스코더샵,서울특별시 송파구 백제고분로 188,37.5042,127.087532,10,0
1222,1222. 잠실새내역 5번 출구 뒤,서울특별시 송파구 백제고분로 95,37.511982,127.085052,15,0
1224,1224. 아시아지하보도 2번 출구,서울특별시 송파구 올림픽로 74,37.512169,127.078934,15,0
1226,1226. 잠실4동 주민센터 옆,서울특별시 송파구 올림픽로35길 16,37.520077,127.112366,10,0
1227,1227. 거여역 8번출구 뒤,서울특별시 송파구 오금로 지하 499,37.493126,127.143822,10,0
1228,1228. 마천사거리 ,서울특별시 송파구 거마로 51,37.4977,127.146202,10,0
1229,1229. 송파체육문화회관 앞,서울특별시 송파구 양산로 15,37.490688,127.143127,15,0
1230,1230. 송파중학교 정문,서울특별시 송파구 동남로 203,37.49567,127.130592,10,0
1231,1231. 잠실역 6번출구,서울특별시 송파구 석촌호수로12길 3-5,37.514088,127.09903,10,0
1232,1232. 롯데마트 주차장 옆,서울특별시 송파구 석촌호수로12길 3-19,37.512089,127.096191,10,0
1233,1233. 잠실3거리(갤러리아팰리스),서울특별시 송파구 석촌호수로12길 3-17,37.510509,127.093369,9,0
1235,1235. 잠실트리지움310동 옆,서울특별시 송파구 잠실로 62,37.508339,127.088142,15,0
1239,1239. 문정 법조단지3,서울특별시 송파구 정의로 30,37.480843,127.118011,20,0
1240,1240. 문정 법조단지4,서울특별시 송파구 새말로 62,37.480576,127.118568,10,0
1241,1241. 문정 법조단지5,서울특별시 송파구 새말로 62,37.481239,127.119797,15,0
1242,1242. 문정 법조단지6,서울특별시 송파구 법원로 101,37.48209,127.119743,15,0
1243,1243. 문정 법조단지7,서울특별시 송파구 법원로 101,37.484531,127.120163,20,0
1244,1244. 문정 법조단지8,서울특별시 송파구 법원로 101,37.481537,127.122124,7,0
1245,1245. 문정 법조단지9,서울특별시 송파구 법원로 101,37.479465,127.125328,10,0
1246,1246. 문정 법조단지10,서울특별시 송파구 송파대로 지하 82,37.477509,127.126328,30,0
1247,1247. 문정 법조단지11,서울특별시 송파구 법원로 101,37.478821,127.123512,15,0
1248,1248. 방이초등학교,서울특별시 송파구 위례성대로 114,37.513962,127.121674,20,0
1249,1249. 아주중학교건너편,서울특별시 송파구 도곡로 446,37.505463,127.077347,10,0
1250,1250.문정2동 주민센터,서울특별시 송파구 중대로 16,37.489872,127.11084,10,0
1251,1251. 석촌역 2번출구,서울특별시 송파구 송파동 68 ,37.505932,127.10775,10,0
1253,1253. 오금역 3번 출구 뒤,서울특별시  송파구 가락동 10-15 ,37.501652,127.128181,10,0
1256,1256. 문정현대아파트 교차로,서울특별시 송파구 문정동 3-2 ,37.491131,127.125809,8,0
1257,1257. 가락시장역 롯데마트앞,서울특별시 송파구 가락동 214-15 ,37.4921,127.117752,20,0
1258,1258. 가락미륭아파트 앞,서울특별시 서울 송파구 가락동 195-4,37.493198,127.128998,10,0
1259,1259. 방이역 1번출구,서울특별시 송파구 오금동 17-20,37.508984,127.126595,15,0
1260,1260. 방이동 한양3차아파트 옆,서울특별시 송파구 방이동 225-1,37.506302,127.121399,8,0
1262,1262. 송파여성문화회관 앞,서울특별시 송파구 송파동 2-3 ,37.505802,127.109718,10,0
1263,1263. 장지공영차고지,서울특별시 송파구 장지동 861-6,37.480541,127.137016,10,0
1264,1264. 천호역 10번 출구 앞,서울특별시 송파구 풍납동 490-16,37.538582,127.122803,8,0
1265,1265. 문정동 근린공원,서울특별시 송파구 문정동 38-3,37.486149,127.124802,10,0
1266,1266. 문정동 글샘 공원,서울특별시 송파구 문정동 627,37.478809,127.120003,10,0
1267,1267. 올림픽공원 남2문 앞,서울특별시 송파구 올림픽로 424,37.51424,127.12307,15,0
1268,1268. 몽촌토성역 1번출구 옆,서울특별시 송파구 방이동 88-21 ,37.517288,127.114197,15,0
1269,1269. 리센츠아파트 ,서울특별시 송파구 올림픽로 135,37.511944,127.091217,10,0
1271,1271. 송파도서관,서울특별시 송파구 동남로 263,37.499985,127.135391,15,0
1274,1274. 영파여고 앞,서울특별시 송파구 올림픽로 565,37.532848,127.121048,20,0
1275,1275. 거여초등학교 옆,서울특별시 송파구 마천로25길 18,37.504589,127.139366,15,0
1277,1277. 오금동 송파 참병원,서울특별시 송파구 마천로 164,37.503757,127.137093,8,0
1278,1278. 송파구청 교차로,서울특별시 송파구 올림픽로 336,37.515831,127.106796,10,0
1279,1279. 마천금호어울림 1차아파트 건너편,서울특별시 송파구 성내천로39길 4,37.497517,127.154678,10,0
1280,1280. 송파파크데일 2단지입구 앞 주차장,서울특별시 송파구 성내천로47길 23,37.495659,127.157173,20,0
1282,1282. 송파소방서 맞은편(성내4교),서울특별시 송파구 오금로51길 56,37.499874,127.141479,10,0
1283,1283. 오금공원 사거리,서울특별시 송파구 오금로 363,37.505455,127.131752,8,0
1285,1285. 위례별 유치원 뒤,서울특별시 송파구 위례광장로 136,37.47747,127.144592,15,0
1286,1286. 위례중앙푸르지오 1단지 앞,서울특별시 송파구 위례광장로 120,37.474377,127.140671,10,0
1287,1287. 위례아이파크 101동 맞은편,서울특별시 송파구 위례순환로 419,37.477531,127.141518,8,0
1288,1288. 문정중교 사거리,서울특별시 송파구 송이로 238,37.487999,127.131088,15,0
1289,1289. 풍납동 자전거보관소,서울특별시 송파구 토성로 2,37.531471,127.111092,10,0
1290,위례송파꿈에그린아파트24단지 앞 성벽 다리 밑,송파구 위례광장로 121,37.474659,127.137718,10,0
1291,서울체육고등학교 앞,송파구 강동대로 232,37.521938,127.131866,10,0
1293,석촌호교차로(스타벅스 앞),송파구 삼전동 152,37.506561,127.096558,10,0
1295,잠실역 8번출구,송파구 신천동 8,37.513962,127.100304,20,0
1296,석촌호수교차로(송파나루근린공원 앞),송파구 잠실동 48,37.508678,127.103432,10,0
1297,석촌호수교차로(동호 팔각정 앞),송파구 잠실동 48,37.509201,127.104118,10,0
1299,송파소방서(방이119안전센터),송파구 방이동 89-29 ,37.519878,127.136711,15,0
1300,오륜사거리,송파구 방이동 452-17 ,37.506939,127.139221,15,0
1302,1302. 한성대입구역6번출구 뒤,서울특별시 성북구 동소문로 1,37.588764,127.00631,5,0
1303,1303. 돈암초교 입구,서울특별시 성북구 동소문로13길 38,37.591694,127.012497,10,0
1304,1304. 만해공원,서울특별시 성북구 성북로 132-1,37.594402,126.99231,15,0
1305,1305. 성북구청,서울특별시 성북구 보문로 168,37.589329,127.016434,15,0
1306,1306. 한성대입구역2번출구,서울특별시 성북구 동소문로 2,37.588448,127.006706,10,0
1308,1308. 안암로터리 버스정류장 앞,서울특별시 성북구 안암로 69,37.582592,127.028976,18,0
1314,1314. 정릉꿈에그린1단지 201동 앞,서울특별시 성북구 아리랑로19길 20,37.60244,127.011688,8,0
1315,1315. 고려사대부속중고 정문,서울특별시 성북구 보국문로29길 23,37.607761,127.003281,10,0
1316,1316. 고려사대부속중고 건너편 ,서울특별시 성북구 보국문로29길 23,37.607262,127.002838,20,0
1318,1318. 길음역 3번출구 뒤,서울특별시 성북구 동소문로 248,37.603085,127.024788,10,0
1319,1319. 종암사거리 분수대,서울특별시 성북구 종암로 147,37.603043,127.033272,10,0
1320,1320. 종암 농협지점 앞,서울특별시 성북구 종암로 88,37.59827,127.035027,10,0
1321,1321. 국민은행 종암동지점 앞,서울특별시 성북구 종암로3길 37-2,37.593288,127.036667,14,0
1322,1322. 래미안라센트아파트 103동 앞,서울특별시 성북구 종암로3길 37-2,37.598068,127.039276,10,0
1323,1323. 월곡역 입구 육교 밑,서울특별시 성북구 월곡로 지하 107,37.600433,127.040207,10,0
1325,1325. 상월곡역 4번출구,서울특별시 성북구 화랑로 148,37.605808,127.047737,10,0
1326,1326. 상월곡역 1번출구,서울특별시 성북구 화랑로 지하 157,37.606068,127.047318,10,0
1327,1327. 상월곡역 3번출구,서울특별시 성북구 화랑로 지하 157,37.607342,127.050682,10,0
1328,1328. 월곡역 3번출구,서울특별시 성북구 월곡로 지하 107,37.602627,127.041634,10,0
1332,1332. 석계역 5번출구 건너편,서울특별시 노원구 화랑로 지하 347-1,37.613556,127.066093,10,0
1333,1333. 석관초등학교 앞,서울특별시 성북구 돌곶이로22길 21,37.610523,127.059799,15,0
1334,1334. 석관동주민센터 앞,서울특별시 성북구 화랑로 296,37.612999,127.06131,10,0
1336,1336. 성북3교 위,서울특별시 성북구 보문로 192,37.591251,127.014008,20,0
1337,1337. 돈암성당 옆,서울특별시 성북구 인촌로7길 120,37.590382,127.017136,10,0
1338,1338. 용문2교 옆,서울특별시 성북구 인촌로7길 24,37.586899,127.020752,15,0
1339,1339. 삼성전자서비스 성북센터,서울특별시 성북구 월계로 28,37.610569,127.033508,9,0
1340,1340. 광운초등학교 앞,서울특별시 성북구 한천로 693,37.61956,127.053802,11,0
1342,1342. 성북쉼터 앞,서울특별시 성북구 성북로21길 32,37.592617,126.997932,15,0
1343,1343. 한성대7번출구 앞,서울특별시 성북구 동소문로 11,37.589249,127.007378,10,0
1344,1344. 아리랑시네센터 앞,서울특별시 성북구 아리랑로 82,37.600288,127.013702,10,0
1346,1346. 길음8골어린이공원 옆,서울특별시 성북구 길음로13길 22,37.608978,127.020248,15,0
1347,1347. 길음래미안아파트817동 상가 앞,서울특별시 성북구 길음로 33,37.607105,127.0215,20,0
1348,1348. 성북제일새마을금고 본점 앞,서울특별시 성북구 길음로 20,37.604752,127.022758,12,0
1349,1349. 월계2교 버스정류장 앞,서울특별시 성북구 한천로101길 18,37.623829,127.050201,10,0
1351,1351. SK제삼주유소 앞,서울특별시 성북구 안암로 17,37.579449,127.024193,8,0
1352,1352. e 편한세상 보문아파트 내,서울특별시 성북구 낙산길 255,37.583881,127.017097,8,0
1353,1353. 금호어울림센터힐 내,서울특별시 성북구 동소문로34길 73,37.60083,127.023552,8,0
1354,1354. 고려대학교 2번출구,서울특별시 성북구 종암로 지하 1,37.590714,127.036194,18,0
1355,1355. 보문2교,서울특별시 성북구 보문로30길 29,37.588699,127.018913,20,0
1357,1357. 북한산보국문역,서울특별시 성북구 보국문로 91,37.612072,127.008133,20,0
1358,1358. 정릉도서관 앞,서울특별시 성북구 보국문로 7-10,37.60479,127.010582,7,0
1359,1359. 장위뉴타운 꿈에 숲 코오롱 하늘채 앞,서울특별시 성북구 월계로 172,37.619801,127.045097,20,0
1360,1360. 정릉역,서울특별시 성북구 정릉로 272,37.603096,127.013504,10,0
1361,1361. 홍익중고 입구,서울특별시 성북구 성북로14가길 23,37.592842,127.002121,20,0
1362,보문역6번출구 앞,보문로 12,37.585098,127.019676,10,0
1363,보문4교 인근,성북구 안암동3가 86-1,37.583752,127.02195,15,0
1364,성북동 치안센터 앞,성북로 25,37.590172,127.004089,10,0
1365,선잠단지 앞,성북로 102,37.593361,126.999092,15,0
1366,일신초등학교 옆,월곡로 74,37.59972,127.040382,10,0
1367,길음문화복합미디어센터,길음로7길 20,37.603512,127.02256,15,0
1368,성신여대입구 교차로,보문로 34길 87,37.59148,127.020103,10,0
1369,미아사거리,성북구 길음동 15-3,37.609131,127.030029,15,0
1370,복자사랑 피정의 집,성북로 132-4,37.59454,126.995209,20,0
1372,KEB은행 고대점,인촌로 113,37.586445,127.031601,15,0
1373,성북구보건소 건너편,화랑로 63,37.602291,127.038979,8,0
1375,생명의 전화 종합복지관 앞 교차로,하월곡동 96-1,37.603909,127.037376,20,0
1401,1401. 극동늘푸른아파트,서울특별시 중랑구 동일로 941,37.614738,127.076363,15,0
1402,1402. 금란주차장 앞,서울특별시 중랑구 망우로 448,37.600071,127.102333,10,0
1403,1403. 중화빌딩 앞 (동부시장),서울특별시 중랑구 망우로 211,37.59425,127.076576,15,0
1404,1404. 동일로 지하차도,서울특별시 중랑구 망우로 233,37.595299,127.080032,10,0
1405,1405. 망우역 1번출구,서울특별시 중랑구 망우로55길 11-10,37.599098,127.092949,10,0
1406,1406. 망우청소년수련관,서울특별시 중랑구 송림길 156,37.606251,127.108269,10,0
1407,1407. 먹골역 1번출구 뒤,서울특별시 중랑구 공릉로 12,37.611511,127.077888,10,0
1408,1408. 먹골역 6번출구 앞,서울특별시 중랑구 동일로 지하 901,37.610722,127.077477,10,0
1410,1410. 면목 대원칸타빌아파트,서울특별시 중랑구 용마산로 285,37.577782,127.090187,10,0
1411,1411. 상봉시장앞 교차로 한성빌딩 앞,서울특별시 중랑구 면목로 456,37.592541,127.086739,10,0
1412,1412. 면목초등학교,서울특별시 중랑구 면목로 434,37.590961,127.087067,10,0
1413,1413. 봉화산역 5번출구 뒤,서울특별시 중랑구 신내로 지하 232,37.617561,127.090309,10,0
1414,1414. 사가정역 1번출구,서울특별시 중랑구 사가정로 지하 393,37.581646,127.088432,10,0
1416,1416. 상봉역 3번출구,서울특별시 중랑구 면목로 480,37.595219,127.085999,10,0
1418,1418. 새솔초등학교,서울특별시 중랑구 신내역로1길 164,37.617989,127.110542,15,0
1420,1420. 신내어울공원 앞,서울특별시 중랑구 신내로16길 17,37.614231,127.096764,15,0
1421,1421. 신내역 4번출구,서울특별시 중랑구 신내로 지하 232,37.612461,127.103378,20,0
1422,1422. 신내우디안아파트 1단지,서울특별시 중랑구 신내역로 213,37.620098,127.106461,10,0
1424,1424. 양원역 2번출구,서울특별시 중랑구 송림길 147,37.606312,127.107742,10,0
1425,1425. 용마문화복지센터,서울특별시 중랑구 용마산로86길 9-27,37.58746,127.09597,10,0
1426,1426. 면목도시개발아파트 1동 앞,서울특별시 중랑구 용마산로 지하 227,37.573589,127.086823,15,0
1427,1427. 용마산역 1번출구,서울특별시 중랑구 용마산로 지하 227,37.574299,127.086914,10,0
1428,1428. 원묵고등학교,서울특별시 중랑구 숙선옹주로 66,37.616024,127.085968,10,0
1429,1429. 장안중학교,서울특별시 중랑구 동일로 778,37.599957,127.080002,15,0
1430,1430. 중랑구청,서울특별시 중랑구 봉화산로 179,37.606152,127.092598,20,0
1431,1431. 중랑구청 사거리,서울특별시 중랑구 봉화산로 194,37.606499,127.095451,10,0
1433,1433. 중화역 2번출구,서울특별시 중랑구 동일로 지하 797,37.602077,127.079582,10,0
1434,1434. 홈플러스 면목동점,서울특별시 중랑구 사가정로 332,37.579868,127.082367,15,0
1435,1435. 능산삼거리,서울특별시 중랑구 용마산로 644,37.608681,127.100792,15,0
1436,1436. 영풍마드레빌,서울특별시 중랑구 용마산로129가길 41,37.605881,127.100632,15,0
1437,1437. 늘푸른공원 앞,서울특별시 중랑구 동일로 594,37.58342,127.079926,15,0
1438,1438. 홈플러스 신내점 앞,서울특별시 중랑구 신내로 지하 232,37.616169,127.093483,15,0
1440,1440. 하나은행 면목지점,서울특별시 중랑구 동일로 628,37.586372,127.08007,10,0
1441,1441. 신내능말공원,서울특별시 중랑구 용마산로136길 33,37.616711,127.110733,15,0
1442,1442. (구)신한은행 중랑교지점,서울특별시 중화동 50-8,37.598591,127.079819,8,0
1443,1443. 구립망우청소년독서실,서울특별시 중랑구 망우동 534-23 ,37.59552,127.098778,10,0
1444,1444. 면목4치안센터,서울특별시 면목동 646-4,37.574028,127.080544,10,0
1445,1445. 용마지구대,서울특별시 면목동 197-5,37.579941,127.079399,10,0
1446,1446. 중랑전화국 교차로,서울특별시 중랑구 면목동 282-8,37.591301,127.08033,10,0
1447,1447. 면목역 3번출구,서울특별시 면목동 120-2,37.588902,127.08728,15,0
1448,1448. 코스트코 상봉점,서울특별시 상봉동 160-3,37.597321,127.089798,15,0
1449,1449. 상봉역 1번출구,서울특별시 중랑구 망우로 297,37.596558,127.085838,15,0
1450,1450. 화랑대역 7번출구,서울특별시 노원구 화랑로 지하 510,37.619625,127.085014,10,0
1451,1451. 중랑세무서,서울특별시 중랑구 망우로 176,37.592758,127.07267,10,0
1452,겸재교 진입부,중랑구 목동 189-7,37.585655,127.07505,15,0
1453,1453. 중랑캠핑숲,서울특별시 중랑구 송림길 172,37.604603,127.109253,9,0
1454,1454. 한국전력공사(동대문 중랑지사),서울특별시 중랑구 동일로 862,37.607349,127.07859,10,0
1455,1455. 상봉역 2번 출구,서울특별시 중랑구 망우로 297,37.596329,127.085899,10,0
1456,1456. 상아빌딩(우림시장 교차로),서울특별시 중랑구 용마산로 494,37.595112,127.100327,10,0
1457,1457. 동원사거리,서울특별시 중랑구 겸재로 229,37.58976,127.093239,10,0
1458,상봉터미널2,망우동 534-58,37.59734,127.093086,9,0
1459,용마한신아파트사거리,면목동 1086-79,37.59734,127.093086,10,0
1501,"1501. 미아역 3번,4번 출구 사이",서울특별시 강북구 도봉로 196,37.62608,127.026482,9,0
1503,1503. 이디야 커피 수유역점 앞,서울특별시 강북구 도봉로 355,37.639278,127.026756,12,0
1504,1504. 다이소 삼양시장점,서울특별시 강북구 삼양로 234,37.624157,127.018623,10,0
1506,1506. 강북문화예술회관,서울특별시 강북구 삼각산로 85,37.640327,127.013359,20,0
1509,1509. 서울북부수도사업소,서울특별시 강북구 한천로 935,37.634377,127.035751,10,0
1510,1510. 번동주공5단지 관리사무소 앞,서울특별시 강북구 오현로25마길 27,37.633717,127.035515,10,0
1511,1511. 번동 금호어울림아파트102동앞,서울특별시 강북구 오현로31길 85-7,37.631123,127.036034,9,0
1512,1512. 강북중학교 앞,서울특별시 강북구 한천로150길 67,37.644737,127.026566,20,0
1513,1513. 강북구청 뒷편,서울특별시 강북구 도봉로89길 13,37.639648,127.025124,20,0
1514,1514. 강북구청 사거리 버스정류소 앞,서울특별시 강북구 한천로 1009,37.638805,127.028358,10,0
1515,1515. 송천동 주민센터,서울특별시 강북구 솔샘로 284,37.618286,127.024048,10,0
1516,1516. 우이초등학교 후문 옆,서울특별시 강북구 삼양로99길 33,37.638706,127.015907,10,0
1518,1518. SK telecom(수유직영점) 앞,서울특별시 강북구 삼양로 439,37.643085,127.016167,10,0
1519,1519. 세븐일레븐 수유장미원점 앞,서울특별시 강북구 삼양로 474,37.645451,127.015617,10,0
1520,1520. 성실교회,서울특별시 강북구 노해로 50,37.639862,127.022789,10,0
1522,1522. 월드전기조명인테리어(우이동),서울특별시 도봉구 삼양로 574,37.654472,127.012756,10,0
1525,1525. 미아동 복합청사,서울특별시 강북구 솔매로49길 14,37.62714,127.026695,10,0
1526,1526. 수유동 채선당앞,서울특별시 강북구 수유동 140,37.641739,127.024628,8,0
1527,1527. 미아역 1번 출구 뒤,서울특별시 강북구 미아동 194-1,37.627335,127.026054,10,0
1528,1528. 삼각산동 주민센터,서울특별시 미아동 813-8,37.615036,127.020699,10,0
1529,1529. 미아동 한국전력공사,서울특별시 미아동 194-1,37.63018,127.02491,15,0
1530,1530. 광산사거리,서울특별시 강북구 노해로 87 ,37.643551,127.022346,10,0
1531,1531. 미아사거리 1번 출구,서울특별시 강북구 미아동 66-1,37.613956,127.030251,10,0
1532,1532. 번3동 주민센터 교차로,서울특별시 강북구 번동 2-2,37.626354,127.047447,10,0
1533,"1533. 번동 주공3, 4단지 교차로",서울특별시 강북구 번동 254,37.629917,127.040916,10,0
1534,1534. 북서울 꿈의 숲 동문,서울특별시 강북구 번동 105,37.619637,127.044533,20,0
1535,1535. 효성인텔리안 앞,서울특별시 수유동 230-7,37.636292,127.023376,10,0
1536,1536. 번동 두산위브 101동 옆,서울특별시 번동 386-17,37.636261,127.032173,20,0
1537,1537. 북한산 우이역,서울특별시 강북구 삼양로 670,37.663666,127.012428,10,0
1538,1538. 솔밭공원역,서울특별시 강북구 삼양로 595,37.656158,127.013138,8,0
1539,1539. 4.19민주묘지역,서울특별시 강북구 삼양로 519,37.649673,127.013451,10,0
1540,1540. 가오리역,서울특별시 강북구 삼양로 426,37.64167,127.016884,10,0
1541,1541. 삼양역,서울특별시 강북구 삼양로 263,37.62653,127.018059,10,0
1542,1542. 삼양사거리역,서울특별시 강북구 삼양로 197,37.621552,127.02037,10,0
1543,1543. 수유1동 주민센터,서울특별시 강북구 삼양로 299,37.630188,127.017738,10,0
1545,솔샘역2번출구,서울특별시 강북구 솔샘로 195,37.62038,127.01368,10,0
1546,송천동우체국,강북구 미아동 861-1,37.615459,127.029701,10,0
1547,꿈의숲 롯데캐슬,강북구 미아동 1-46,37.618641,127.03624,15,0
1548,북서울 꿈의숲 서문,강북구 번동 123,37.622688,127.037811,15,0
1601,1601. 석계역 문화광장 내 자전거 보관소,서울특별시 노원구 화랑로 331,37.615299,127.064468,20,0
1602,1602. 광운대역 앞,서울특별시 노원구 석계로 98-2,37.622662,127.061897,15,0
1603,1603. 롯데캐슬 102동 코너(월계주유소건너),서울특별시 노원구 월계로 252,37.624859,127.05014,10,0
1605,1605. 헬스케어,서울특별시 노원구 월계로 378,37.631622,127.061615,10,0
1606,1606. 태릉입구역 3번출구 ,서울특별시 노원구 동일로 지하 992-1,37.619171,127.074928,10,0
1608,1608. 공릉역 1번 출구 앞,서울특별시 노원구 동일로 지하 1074,37.626614,127.072754,10,0
1610,1610. 화랑대역 2번출구 앞,서울특별시 노원구 화랑로 지하 510,37.620369,127.083641,20,0
1611,1611. 과기대 입구(우),서울특별시 노원구 공릉로 232,37.62994,127.076553,20,0
1616,1616. 하계2동 공항버스정류장 옆,서울특별시 노원구 동일로 지하 1196,37.635109,127.068329,10,0
1617,1617. 하계동 중평어린이공원 앞,서울특별시 노원구 섬밭로 241,37.63715,127.063271,20,0
1619,1619. 중계동 하나프라자빌딩 앞(중1-1),서울특별시 노원구 한글비석로 235,37.649021,127.076408,10,0
1620,1620. 중계동 노원구민체육센터 옆(중1-2),서울특별시 노원구 노원로22길 1,37.648209,127.070221,10,0
1623,1623. 노원 구민회관,서울특별시 노원구 동일로 1229,37.638649,127.066292,20,0
1625,1625. 상계역(4번출구),서울특별시 노원구 상계로 182,37.66,127.072968,20,0
1627,1627. 수락산역 4번출구,서울특별시 노원구 동일로 지하 1662,37.676941,127.055099,12,0
1628,1628. 노일초등학교 앞,서울특별시 노원구 동일로 1652,37.673618,127.055252,10,0
1630,1630. 수연빌딩 앞,서울특별시 노원구 동일로 지하 1662,37.67625,127.055504,10,0
1634,1634. 당고개공원 대여소,서울특별시 노원구 상계로 283,37.669079,127.077591,15,0
1635,1635. 상계3.4동 주민센터 대여소,서울특별시 노원구 덕릉로131길 8,37.67271,127.08316,11,0
1636,1636. 백병원 사거리 농협은행 앞,서울특별시 노원구 동일로 1351,37.649212,127.061768,10,0
1637,1637. KT 노원점 건물 앞,서울특별시 노원구 노해로 489,37.654701,127.0634,15,0
1639,1639. 희성오피앙,서울특별시 노원구 동일로 1701,37.680313,127.055069,10,0
1640,1640. 한내근린공원 북측,서울특별시 노원구 마들로 86,37.623863,127.068489,10,0
1641,1641. 한내근린공원 남측,서울특별시 노원구 마들로 86,37.621555,127.069511,15,0
1642,1642. 서울여대 남문,서울특별시 노원구 화랑로51길 38,37.625435,127.088493,7,0
1643,1643. 태릉입구역 8번출구,서울특별시 노원구 공릉동 687-6,37.617367,127.075211,10,0
1646,1646. 삼육대 입구,서울특별시 노원구 공릉동 26-43,37.638489,127.107903,20,0
1650,1650. 중계근린공원내,서울특별시 노원구 중계동 506-3,37.63958,127.065102,20,0
1651,1651. 맥도날드 상계점 앞,서울특별시 노원구 상계동 1118-9,37.672375,127.055992,20,0
1652,1652. 파르코 앞,서울특별시 노원구 상계동 1263,37.68,127.05558,10,0
1653,1653. 노원역1번출구,서울특별시 노원구 상계동 335-4,37.6562,127.063622,10,0
1654,1654. 당고개입구 오거리,서울특별시 노원구 상계동 172-2,37.663792,127.075447,15,0
1655,1655. 공릉1단지아파트,서울특별시 동일로 1127,37.631111,127.07016,15,0
1656,1656. 중앙하이츠 아파트 입구,서울특별시 노원구 노원로 428,37.654999,127.067436,10,0
1657,1657. 노원구청 ,서울특별시 노원구 노해로 437 ,37.654049,127.057327,20,0
1659,1659. 중계동 을지중학교,서울특별시 노원구 중계동 370,37.65033,127.071602,10,0
1660,1660. 서울시립과학관,서울특별시 노원구 하계동 266,37.642071,127.076622,8,0
1661,1661. 당현천근린공원,서울특별시 노원구 동일로 1342,37.649639,127.065605,10,0
1662,1662. 노원역7번출구,서울특별시 노원구 노해로 467,37.654114,127.059151,15,0
1663,1663. 동해문화예술관앞,서울특별시 노원구 화랑로 429,37.619381,127.057854,20,0
1664,1664. 노해근린공원내,서울특별시 노원구 노원로22길 1,37.649361,127.070442,10,0
1665,1665. 양지근린공원앞,서울특별시 노원구 한글비석로 227,37.647335,127.076424,10,0
1666,1666. 노원소방서인근,서울특별시 노원구 노원로26길 111,37.655781,127.071777,10,0
1667,1667. 중계중학교,서울특별시 노원구 덕릉로76길 23,37.654499,127.074387,10,0
1668,1668. 중계역 6번출구,서울특별시 노원구 동일로 지하 1308-1,37.645508,127.063255,10,0
1669,1669. 중계역 3번출구,서울특별시 노원구 동일로 지하 1308-1,37.643757,127.064987,9,0
1670,1670. 노원경찰서교차로,서울특별시 노원구 노원로 283,37.64341,127.071838,15,0
1671,1671. 인덕대학교,서울특별시 노원구 초안산로 12,37.629349,127.054825,15,0
1672,1672. 상계동수락리버시티,서울특별시 노원구 누원로 18,37.688599,127.053406,15,0
1673,1673. 노원역5번출구,서울특별시 노원구 동일로 1404,37.653976,127.060974,16,0
1674,1674. 서울북부고용센터앞,서울특별시 노원구 노해로 450,37.653549,127.058083,15,0
1675,1675. 월계문화체육센터,서울특별시 노원구 월계로 280,37.626942,127.05513,14,0
1677,1677. 육군사관학교  앞,서울특별시 노원구 화랑로 570,37.623165,127.0905,10,0
1678,1678. 성서대학교 밀알관,서울특별시 노원구 동일로214길 32,37.648438,127.064445,15,0
1679,1679. 삼육대 도서관,서울특별시 노원구 화랑로 815,37.64283,127.106667,15,0
1680,1680. 삼육대 제3과학관,서울특별시 노원구 화랑로 653,37.642654,127.108383,10,0
1681,1681. 현대6차 아파트,서울특별시 노원구 중계로8길 20,37.645802,127.08226,12,0
1682,1682. 중계종합사회복지관 교차로,서울특별시 노원구 덕릉로 662,37.656799,127.077606,13,0
1683,노원문화예술회관,중계동 391-1 ,37.650459,127.080887,10,0
1684,태릉입구역 5번출구,동일로 986앞,37.61832,127.07563,20,0
1685,불암고등학교 앞 횡단보도,중계로 155,37.64819,127.080482,8,0
1686,온수골사거리(스타벅스앞),노원구 동일로227길 85,37.66114,127.058052,10,0
1688,마들역 7번출구,노원구 동일로 1530-1,37.665661,127.057297,9,0
1689,마들역 3번출구,노원구 상계동 650,37.665249,127.057892,10,0
1690,도봉운전면허시험장,노원구 상계동 694-1,37.65773,127.059311,10,0
1691,노원정보도서관,노원구 상계동 433-4,37.660709,127.065331,10,0
1692,온곡초교 교차로,노원구 상계동 456-23,37.664188,127.06601,10,0
1702,1702. 녹천역 1번출구 앞,서울특별시 도봉구 덕릉로 376,37.646172,127.05056,10,0
1703,1703. 도봉산광역환승센터앞 ,서울특별시 도봉구 도봉로 955,37.68972,127.045197,15,0
1705,1705. 도봉구청 정문앞,서울특별시 도봉구 마들로 656,37.669224,127.046516,8,0
1706,1706. 기업은행 앞,서울특별시 도봉구 도봉로 683,37.665665,127.042671,10,0
1707,1707. 도봉구민회관,서울특별시 도봉구 도봉로 552,37.654461,127.038513,15,0
1708,1708. 보건소사거리(다비치안경창동점),서울특별시 도봉구 해등로 150,37.65683,127.039848,8,0
1709,1709. 쌍문역4번출구 주변,서울특별시 도봉구 도봉로 지하 486-1,37.650127,127.035347,15,0
1713,1713. 쌍문동 청소년 랜드,서울특별시  도봉구 노해로140,37.647266,127.025879,10,0
1714,1714. 도봉문화정보도서관 삼거리,서울특별시 도봉구 덕릉로 315,37.64463,127.044609,10,0
1715,1715. 서울특별시교육청도봉도서관,서울특별시 도봉구 삼양로556,37.653179,127.012787,20,0
1716,1716. 하나로마트 창동점,서울특별시 도봉구 마들로11길 20,37.654202,127.050728,10,0
1717,1717. 시립창동운동장 입구,서울특별시 도봉구 창동 1-24,37.655708,127.050102,15,0
1719,1719. 신도봉사거리 버스정류장,서울특별시  도봉구 도봉로 771,37.673283,127.043991,10,0
1720,1720. 도봉구청 옆(중랑천변),서울특별시 도봉구 마들로 656,37.668671,127.047981,20,0
1721,1721. 창동역 2번출구 ,서울특별시 창동 74-2 ,37.653015,127.046997,12,0
1722,1722. 창동청소년수련관,서울특별시 도봉구 노해로69길 132,37.657799,127.050049,15,0
1723,1723. 방학동학마을도서관,서울특별시 도봉구 시루봉로 128,37.662079,127.027718,10,0
1725,1725. 창1동주민센터,서울특별시 도봉구 해등로 46,37.647503,127.043312,10,0
1726,1726. 삼익세라믹아파트교차로,서울특별시 도봉구 해등로 189,37.658588,127.03521,8,0
1727,1727. 서울도봉초등학교인근,서울특별시 도봉구 도봉로173길 96,37.678677,127.040764,15,0
1728,서울북부지방법원,도봉구 도봉동 626-154,37.677666,127.046242,15,0
1729,파리바케트앞,도봉구 도봉동 637-103,37.68401,127.045792,10,0
1730,도봉산역교차로 앞,도봉구 도봉동 637-2,37.687592,127.045502,10,0
1731,도봉고등학교 맞은편,도봉구 도봉동 282-275,37.6875,127.042557,15,0
1732,우리은행 앞,도봉구 방학동726-40,37.667599,127.042999,10,0
1733,방학사거리(봄마당 앞),도봉구 방학동 726-149,37.662979,127.041939,12,0
1734,쌍문현대1차아파트 108동 앞,도봉구 쌍문동 59-1,37.65815,127.032669,10,0
1735,"도봉역 1,2번 출구사이 건너편",도봉구 도봉동 637-107,37.679119,127.044983,13,0
1736,버스정류장 앞,도봉구 창동 703-2,37.652241,127.037064,12,0
1737,하나은행 (창동점),도봉구 창동 703-18,37.639702,127.038834,8,0
1738,창동주공17단지 상가앞,도봉구 창동 35-1,37.646309,127.052742,10,0
1741,제일강산수산입구,도봉구 창동 703-9,37.645199,127.032982,15,0
1742,북한산 코오롱 하늘채,도봉구 쌍문동 416-13,37.648891,127.023018,10,0
1804,1804. 독산역 2번출구 자전거주차장,서울특별시 금천구 벚꽃로 115,37.46653,126.888718,10,0
1805,1805. 서울디지털운동장 앞,서울특별시 금천구 가산디지털2로 151,37.482288,126.877769,10,0
1806,1806. 에이스하이엔드타워9차 앞,서울특별시 금천구 가산디지털1로 233,37.486214,126.878639,10,0
1808,1808. 에이스하이엔드타워8차 앞,서울특별시 금천구 가산디지털1로 84,37.473209,126.884941,20,0
1809,1809. LG전자 별관동(호서대 벤처타워 맞은편),서울특별시 금천구 가산디지털1로 63,37.470779,126.885155,10,0
1812,1812. 갑을그레이트밸리 앞,서울특별시 금천구 디지털로9길 32,37.479031,126.887299,10,0
1814,1814. 두산위브아파트 옆 상가건물 앞,서울특별시 금천구 가산로 99,37.47422,126.894127,8,0
1816,1816. 금천폭포공원 앞,서울특별시 금천구 시흥대로38길 61,37.446861,126.903831,20,0
1819,1819. 금천구청 앞 자전거거치대,서울특별시 금천구 시흥대로73길 70,37.456478,126.895927,10,0
1820,1820. 신한은행 시흥대로금융센터지점,서울특별시 금천구 시흥대로 446,37.44334,126.903358,10,0
1821,1821. 홈플러스 시흥점 맞은편 다비치안경 앞,서울특별시 금천구 시흥대로 198,37.451458,126.902115,10,0
1822,1822. 서울 시흥동우체국 앞,서울특별시 금천구 시흥대로 217,37.452991,126.900909,10,0
1823,1823. 상신정비공업 앞,서울특별시 금천구 시흥대로 287,37.458912,126.89859,20,0
1824,1824. 독산근린공원 입구,서울특별시 금천구 독산동 ,37.46455,126.883728,15,0
1825,1825. 한신아파트 앞 육교 아래,서울특별시 금천구 금하로1길 70,37.4547,126.891052,10,0
1826,1826. 한신코아 앞,서울특별시 금천구 한내로 62,37.456841,126.888344,20,0
1827,1827. 독산보도육교 앞 자전거 보관소,서울특별시 금천구 서부샛길 70,37.455849,126.893143,20,0
1828,1828. 한양수자인아파트 앞,서울특별시 금천구 시흥대로150길 6,37.475319,126.898888,10,0
1829,1829. 홈플러스 금천점 앞,서울특별시 금천구 시흥대로 391,37.469139,126.897202,10,0
1830,1830. 빅마켓 금천점 앞,서울특별시 금천구 두산로 71,37.47023,126.895073,15,0
1831,1831. 메이퀸웨딩컨벤션 앞,서울특별시 금천구 시흥대로 435,37.4725,126.897957,10,0
1833,1833. 독산역 1번출구 앞 자전거보관소,서울특별시 금천구 벚꽃로 115,37.466541,126.890282,10,0
1834,1834. 월드메르디앙 벤처센터 2차,서울특별시 금천구 가산디지털2로 123,37.479084,126.879044,15,0
1835,1835. STX V타워,서울특별시 금천구 가산디지털1로 128,37.47707,126.88443,10,0
1836,1836. 금천구립 독산도서관,서울특별시 금천구 독산로54길 114,37.467403,126.908142,7,0
1839,1839. 수출의 다리 아래,서울특별시 가산동 60-35,37.477058,126.885185,20,0
1840,1840. 솔브레인이엔지 뒤편,서울특별시 가산동 219-18,37.475101,126.888069,20,0
1841,1841. 가산동 주민센터,서울특별시 가산동 144-3,37.476952,126.891869,10,0
1842,1842. 한울중학교,서울특별시 시흥동 1000-3,37.462574,126.90686,15,0
1843,1843. 독산고등학교,서울특별시 독산동 906-42,37.477097,126.911133,10,0
1845,1845. 롯데캐슬골드파크1차 서문,서울특별시 금천구 벚꽃로40 ,37.460289,126.892189,15,0
1846,1846. 롯데캐슬골드파크1차 동문,서울특별시 금천구 독산동 441-19 ,37.460171,126.896042,15,0
1847,1847. 독산주공 14단지 버스정류소,서울특별시 금천구 안양천로,37.461033,126.8871,10,0
1848,1848. 벽산 디지털밸리 5차,서울특별시 금천구 가산동 60-73 ,37.476276,126.885391,10,0
1849,1849. 대륭포스트타워5차,서울특별시 금천구 디지털로9길 68,37.481354,126.88694,10,0
1850,1850. 코오롱테크노밸리,서울특별시 금천구 디지털로9길 56,37.48016,126.886368,10,0
1851,1851. 가산디지털단지 7번출구,서울특별시 금천구 벚꽃로 309,37.481232,126.881485,10,0
1852,혜명양로원 담장 옆,금하로29길36(시흥동),37.451771,126.913399,10,0
1853,서울디자인직업전문학교 앞,금천구 가산로70(가산동),37.472481,126.895866,10,0
1854,가산아네스트 오피스텔 앞,금천구 남부순환로1314(가산동),37.47818,126.897408,10,0
1855,성지아파트 옆 도로변,금천구 시흥대로51길55,37.451321,126.897621,10,0
1856,모두의학교,금천구 남부순환로 128길 42,37.478409,126.907372,10,0
1857,주공14단지,금천구 한내로 69-54,37.46056,126.887093,15,0
1858,석수역1번출구 앞 (SK주유소),금천구 시흥동 1001-34,37.437271,126.902687,10,0
1901,1901. 신도림동주민센터 앞,서울특별시 구로구 신도림로 40,37.507332,126.87973,10,0
1904,1904. 도림천역 1번 출구 앞,서울특별시 구로구 경인로67길 160,37.51424,126.882874,10,0
1906,1906. 신도림역 1번 출구 앞,서울특별시 구로구 경인로 688,37.50972,126.890099,20,0
1907,1907. 구일우성(아) 육교 밑,서울특별시 구로구 구일로2길 59,37.489632,126.876259,12,0
1908,1908. 해원리바파크 육교 밑,서울특별시 구로구 구일로 110,37.495285,126.872162,10,0
1910,1910. 낙원교회 맞은편,서울특별시 구로구 구로동로42길 43,37.497505,126.884377,5,0
1911,1911. 구로디지털단지역 앞,서울특별시 구로구 시흥대로 577-2,37.48494,126.901321,10,0
1912,1912. 한신휴아파트 앞,서울특별시 구로구 디지털로31길 120,37.4888,126.890663,10,0
1913,1913. 구로리공원,서울특별시 구로구 구로중앙로 13,37.491032,126.892151,10,0
1914,1914. 대림역4번출구,서울특별시 구로구 도림천로 351,37.494404,126.894447,10,0
1916,1916. 구로중학교앞,서울특별시 구로구 구로중앙로 48,37.494141,126.889984,10,0
1920,1920. 서울미래초등학교 사거리,서울특별시 구로구 새말로 73,37.504379,126.888298,10,0
1924,1924. 삼부르네상스파크빌,서울특별시 구로구 남부순환로 1299,37.478741,126.895096,10,0
1925,1925. 동양미래대학교 정문 옆,서울특별시 구로구 경인로 445,37.499889,126.867699,20,0
1928,1928. 고척스카이돔구장 광장,서울특별시 구로구 경인로 430,37.49947,126.868401,10,0
1929,1929. 고척근린공원 고척도서관 앞,서울특별시 구로구 고척로45길 31,37.505135,126.85276,10,0
1930,1930. 개봉지구대 개봉치안센터,서울특별시 구로구 경인로 293,37.497684,126.853729,7,0
1931,1931. 개봉역(북측광장),서울특별시 구로구 경인로40길 47,37.494995,126.858253,10,0
1933,1933. 개봉푸르지오아파트 상가,서울특별시 구로구 남부순환로 775,37.501583,126.84687,10,0
1936,1936. 개봉역 1번 출구 자전거보관서쪽,서울특별시 구로구 경인로40길 47,37.494282,126.859215,10,0
1937,1937. 한진아파트 입구,서울특별시 구로구 개봉로3길 87,37.486061,126.852013,15,0
1941,1941. 오류동역 2번출구,서울특별시 구로구 서해안로 2340-10,37.493938,126.844055,10,0
1943,1943. 온수역 북측,서울특별시 구로구 경인로3길 지하 64,37.49279,126.824524,10,0
1946,1946. 구로역 광장,서울특별시 구로구 구로중앙로 174,37.503117,126.880386,10,0
1951,1951. 천왕이펜하우스 4단지 상가 앞,서울특별시 구로구 천왕로 9,37.480289,126.8395,20,0
1952,1952. 천왕연지타운2단지 앞,서울특별시 구로구 오리로 1102-10,37.482105,126.845726,15,0
1953,1953. 천왕역 4번출구 뒤,서울특별시 구로구 오리로 지하 1154,37.486385,126.839211,20,0
1955,1955. 디지털입구 교차로,서울특별시 구로구 시흥대로 551,37.482883,126.901039,10,0
1956,1956. 도야미리숯불갈비 앞,서울특별시 구로구 신도림로 67,37.51001,126.88205,10,0
1957,1957. 구일고등학교 정문 ,서울특별시 구로구 구일로 90-51,37.493401,126.874329,15,0
1958,1958. 강서수도사업소민원센터,서울특별시 구로구 가마산로 272,37.495781,126.890121,10,0
1959,1959. 구로구의회 앞,서울특별시 구로구 가마산로25길 9-24,37.496456,126.889587,10,0
1960,1960. 화광신문사 앞,서울특별시 구로구 공원로 68,37.50285,126.889481,10,0
1961,1961. 신도림테크노근린공원,서울특별시 구로구 새말로 121-15,37.508194,126.891304,15,0
1962,1962. 가리봉동주민센터,서울특별시 구로구 디지털로26길 5,37.481602,126.892799,15,0
1964,1964. 원메디타운 앞,서울특별시 구로구 경인로 403,37.49789,126.864502,10,0
1965,1965. 삼환로즈빌아파트 105동 옆,서울특별시 구로구 경인로 343,37.497231,126.859192,15,0
1966,1966. 한마을아파트 정문상가,서울특별시 구로구 경인로 382,37.496498,126.863098,10,0
1967,1967. 참새공원(백곡경노당),서울특별시 구로구 고척로21길 85,37.505138,126.844337,10,0
1968,1968. 동인오피스텔 건너편 소공원,서울특별시 구로구 고척로22길 64,37.498482,126.847504,12,0
1969,1969. 궁동생태공원,서울특별시 구로구 오리로 1352,37.501904,126.828964,10,0
1971,1971. 오정초교 앞 보도육교,서울특별시 구로구 경인로2길 10,37.490723,126.826393,10,0
1973,1973. 오리로와 서해안도로 교차로 앞,서울특별시 구로구 오리로 1181,37.488598,126.836494,10,0
1974,1974. 신도림2차e편한세상아파트 203동 앞,서울특별시 구로구 신도림로 16,37.50518,126.882538,10,0
1975,1975. 대림역 1번 출입구 밑,서울특별시 구로구 도림천로 351,37.49258,126.894737,10,0
1976,1976. 남구로역 5번 출입구 앞,서울특별시 구로구 도림로 지하 7,37.48568,126.886703,10,0
1977,1977. 천왕역 1번 출입구 앞,서울특별시 구로구 오리로 지하 1154,37.48621,126.838821,15,0
1979,1979. 구로1동우체국 앞,서울특별시 구로구 구일로 64,37.492031,126.873772,10,0
1981,1981. 천왕이펜하우스5단지 앞,서울특별시 구로구 천왕로 10,37.479431,126.842697,10,0
1983,1983. 구로동롯데아파트,서울특별시 구로구 새말로 31,37.502548,126.883881,10,0
1984,1984. 구로구청,서울특별시 구로구 가마산로 245,37.495266,126.888474,10,0
1985,1985. 구로도서관,서울특별시 구로구 공원로 15,37.498516,126.891991,20,0
1986,태평양물산빌딩,구로구 구로동 197-21,37.484859,126.895187,15,0
1987,개봉아이파트아파트 앞,구로구 개봉동 489-1,37.490341,126.860931,15,0
1988,고척LIGA아파트 앞,구로구 고척동 185-10,37.50605,126.860786,20,0
1991,오류동역 맞은편, 구로구 오류동 6-2,37.496761,126.844963,10,0
1992,구로구배드민턴실내체육관 앞,구로구 오류동 326-1,37.491798,126.83242,19,0
1993,금강수목원아파트 앞,구로구 오류동 255-5,37.48938,126.834198,10,0
1994,삼성전자 물류센터 앞,서울시 구로구 구일로126,37.496998,126.87178,10,0
1996,구일역 1번 출입구 앞,구로구 구로동 642-77,37.495399,126.87101,20,0
1998,고척교 교차로,구로구 구로동 621-12,37.498569,126.871521,8,0
2002,2002. 노들역 1번출구,서울특별시 동작구 노량진로 지하 238,37.512844,126.952469,20,0
2003,2003. 사육신공원앞,서울특별시 동작구 노량진로 191,37.513359,126.948059,10,0
2007,2007. 유한양행앞,서울특별시 동작구 노량진로 74,37.512939,126.934242,20,0
2008,2008. 노량진근린공원 대방공원,서울특별시 동작구 여의대방로44길 20,37.509369,126.92807,10,0
2009,2009. 보라매역 8번출구,서울특별시 동작구 상도로 지하 2,37.500076,126.921082,10,0
2012,2012. 녹십초요양병원앞,서울특별시 동작구 시흥대로 634,37.488361,126.906227,10,0
2013,2013. 장승배기역 5번출구,서울특별시 동작구 상도로 지하 188,37.505852,126.939362,30,0
2015,2015. 신대방삼거리역 6번출구쪽,서울특별시 동작구 상도로 지하 76,37.499855,126.929565,10,0
2016,2016. 신대방삼거리역 3번출구쪽,서울특별시 동작구 상도로 지하 76,37.499645,126.927094,10,0
2020,2020. 장승배기역2번출구뒷편쪽,서울특별시 동작구 상도로 지하 188,37.504498,126.938988,10,0
2024,2024. 상도역 1번출구,서울특별시 동작구 상도로 지하 272,37.502178,126.948204,10,0
2025,2025. 흑석역 1번출구,서울특별시 동작구 현충로 지하 90,37.50938,126.963615,15,0
2026,2026. 흑석역 4번출구,서울특별시 동작구 현충로 지하 90,37.508587,126.963493,10,0
2027,2027. 중앙대학교 정문,서울특별시 동작구 흑석로 47,37.507042,126.959152,15,0
2032,2032. 이수역 11번출구쪽,서울특별시 동작구 사당로 지하 310,37.485508,126.981621,10,0
2033,2033. 사당동 아르테스 웨딩앞,서울특별시 동작구 동작대로 지하 3,37.481491,126.981583,10,0
2034,2034. 사당역 7번출구쪽,서울특별시 동작구 동작대로 지하 3,37.476891,126.980576,20,0
2036,2036. 정금마을 마을버스정류장,서울특별시 서초구 동작대로 198,37.494705,126.982391,20,0
2037,2037. 동작역 5번출구 동작주차공원,서울특별시 동작구 현충로 지하 220,37.503189,126.97715,20,0
2038,2038. 동작역 7번출구,서울특별시 동작구 현충로 지하 220,37.503181,126.976089,10,0
2040,2040. 비계 버스정류소,서울특별시 동작구 현충로 151,37.506359,126.969078,10,0
2041,2041. 사당중학교 버스정류소,서울특별시 동작구 사당로 169,37.486835,126.968048,10,0
2048,2048. 삼일초등학교 인근,서울특별시 동작구 사당로23나길 27,37.4890874,126.9735804,10,0
2050,2050. 노량진역 5번출구,서울특별시 동작구 노량진로 지하 130,37.513248,126.939972,10,0
2054,2054. 삼익아파트,서울특별시 동작구 만양로 84,37.510548,126.944847,10,0
2056,2056. 동작구민 체육센터,서울특별시 동작구 여의대방로16길 53,37.494499,126.916527,10,0
2057,2057. 상도 아이파크 아파트,서울특별시 동작구 장승배기로 26,37.500881,126.94175,10,0
2058,2058. 노량진동 맥도널드앞,서울특별시 동작구 노량진동 113-7 ,37.513523,126.943527,10,0
2059,2059. 보라매공원 정문,서울특별시 동작구 신대방동 395 ,37.497078,126.917793,10,0
2060,2060. 남성역3번출구 뒤,서울특별시 동작구 사당동 1131 ,37.484631,126.97155,10,0
2061,한강 현대아파트 건너편,동작구 흑석동 27-83 ,37.505928,126.969231,10,0
2062,2062. 사당새마을금고,서울특별시 사당동 211-2 ,37.486652,126.967842,10,0
2063,2063. 대방역 4번출구,서울특별시 영등포구 여의대방로 300,37.512901,126.926613,15,0
2064,2064. 흑석한강푸르지오 106동앞,서울특별시 동작구 흑석한강로 27,37.505356,126.966179,10,0
2065,2065. 서울시여성가족재단,서울특별시 동작구 여의대방로54길 18,37.51199,126.927086,15,0
2066,양문교회 앞,동작구 신대방동 607-8,37.489399,126.907112,10,0
2067,LG전자 베스트 샾 대리점 앞,고덕동 230,37.497669,126.919868,10,0
2068,총신대 앞(육교),동작구  사당동 1112,37.488159,126.966476,12,0
2069,숭실대 입구역 3번 출구 앞,동작구  상도동 514,37.496601,126.953682,7,0
2070,노량진역 2번출구 앞,동작구  노량진동 67-3,37.51392,126.943069,12,0
2102,2102. 봉림교 교통섬,서울특별시 관악구 관천로 52,37.48423,126.926392,20,0
2103,2103. 신림동 우방아파트,서울특별시 관악구 관천로27길 2,37.489178,126.919273,10,0
2104,2104. 사당역 5번출구,서울특별시 동작구 남부순환로 지하 2089,37.476089,126.981331,13,0
2105,2105. 미성동 신림체육센터,서울특별시 관악구 난곡로 295,37.480251,126.914604,12,0
2106,2106. 난곡 새마을금고,서울특별시 관악구 난곡로 210,37.473728,126.918404,12,0
2107,2107. 도림천 신화교,서울특별시 관악구 신림로 40,37.475471,126.936455,25,0
2108,2108. 은천치안센터,서울특별시 관악구 봉천로 375,37.483341,126.943199,20,0
2109,2109. 은천로입구 가로공원,서울특별시 양천구 가로공원로 지하 133,37.486225,126.935829,15,0
2110,2110. 조원동 미성아파트,서울특별시 관악구 시흥대로 560,37.483192,126.902031,9,0
2111,2111. 서울대입구역 1번출구,서울특별시 관악구 남부순환로 1830,37.480869,126.953316,10,0
2112,2112. 서울대입구역 마에스트로,서울특별시 관악구 남부순환로 지하 1822,37.481339,126.950645,15,0
2113,2113. 관악동작견인차량보관소,서울특별시 관악구 신사로 7,37.484661,126.9039,10,0
2115,2115. 관악농협농산물백화점,서울특별시 관악구 남부순환로 1369,37.479916,126.90284,15,0
2116,2116. 에이스에이존빌딩,서울특별시 관악구 남부순환로 지하 1822,37.481705,126.950829,9,0
2119,2119. 중앙동 동진빌딩,서울특별시 관악구 관악로 217,37.484257,126.954697,10,0
2122,2122. 낙성대로 입구,서울특별시 관악구 남부순환로 1889,37.478058,126.960495,20,0
2127,2127. 보성운수차고지 맞은편,서울특별시 관악구 난곡로 99,37.464886,126.919479,10,0
2128,2128. 관악구청교차로,서울특별시 관악구 관악로 153,37.479164,126.952583,12,0
2129,2129. 낙성대 과학전시관,서울특별시 관악구 낙성대로 101,37.469055,126.958145,10,0
2130,2130. 영어마을 관악캠프,서울특별시 관악구 낙성대로 70,37.471989,126.958427,15,0
2135,2135. 신림역 5번출구,서울특별시 관악구 남부순환로 지하 1614,37.484409,126.928909,9,0
2136,2136. 신림역 8번출구,서울특별시 관악구 신림로 340,37.484577,126.929916,8,0
2137,2137. KT&G 관악지점,서울특별시 관악구 남부순환로 1675,37.484901,126.936531,10,0
2139,2139. 서울신성초등학교,서울특별시 관악구 신림로 114,37.471165,126.937019,10,0
2140,2140. 신림1교 교차로,서울특별시 관악구 신림로 270,37.478428,126.931862,12,0
2141,2141. 미림여고입구 교차로,서울특별시 관악구 신림로 137,37.472294,126.933411,12,0
2143,2143. 서울산업정보학교,서울특별시 관악구 신림로 67,37.470695,126.9422,10,0
2144,2144. 난우길입구,서울특별시 관악구 문성로 115,37.477776,126.916756,15,0
2145,2145. 은천초등학교 육교,서울특별시 관악구 은천로 69,37.486359,126.942924,12,0
2148,2148. 낙성대역 3번출구 뒤,서울특별시 관악구 남부순환로 지하 1928,37.477028,126.963394,10,0
2156,2156. 농협 관악문성지점,서울특별시 금천구 남부순환로 1428,37.480721,126.909325,12,0
2159,2159. 인헌초교,서울특별시 관악구 봉천동 244-1 ,37.47509,126.959229,10,0
2160,2160. 관악구 보건소,서울특별시 관악로 145,37.478626,126.951294,15,0
2164,2164. 관악우체국,서울특별시 관악구 남부순환로 1641,37.484768,126.932877,8,0
2165,2165. JK장평타워,서울특별시 관악구 남부순환로 1943,37.476482,126.965363,10,0
2167,2167. 낙성대역 1번출구,서울특별시 관악구 남부순환로 1944,37.476295,126.964958,12,0
2169,2169. 봉천역 2번출구,서울특별시 관악구 남부순환로 1728,37.482189,126.942131,7,0
2170,2170. 조원동서울본병원,서울특별시 관악구 남부순환로 1451,37.481529,126.912033,10,0
2171,2171. 서울대입구역 5번출구,서울특별시 관악구 남부순환로 1817,37.481548,126.952003,17,0
2172,2172. 나들목공원,서울특별시 관악구 신림로 41,37.469406,126.944511,20,0
2173,2173. 당곡사거리,서울특별시 관악구 보라매로 3,37.48975,126.927467,10,0
2174,2174. 삼성디지털프라자관악점,서울특별시 관악구 신림로 386,37.488564,126.928482,10,0
2175,2175. 신림동걷고싶은문화의거리입구,서울특별시 관악구 신림로 369,37.487301,126.928703,10,0
2176,2176. 보라매공원 보도육교,서울특별시 관악구 신사로 132,37.488991,126.916382,15,0
2177,신대방역 2번출구,신림동 신대방역 2번출구,37.487129,126.913017,19,0
2178,서울대학교 정문,신림동 56-1,37.46682,126.948807,15,0
2179,양녕로 입구,남부순환로 1761,37.482189,126.946159,10,0
2180,신림동주민센터,신림동길 8,37.487511,126.927788,10,0
2183,동방1교,신림로 144,37.471828,126.933922,20,0
2184,구암초등학교 버스정류장,관악구 봉천동 490-9,37.489491,126.945923,10,0
2201,2201. 본마을 정류소 앞,서울특별시 서초구 본마을2길 2,37.453281,127.051483,20,0
2202,2202.청계산입구역 1번출구,서울특별시 서초구 청계산로 지하 179,37.448936,127.054375,20,0
2203,2203. 청계산입구역 2번출구,서울특별시 서초구 청계산로 지하 179,37.447659,127.055016,20,0
2205,2205. 내곡3단지 어린이공원 앞,서울특별시 서초구 청계산로9길 76,37.453751,127.05938,15,0
2206,2206. 언남초등학교 앞,서울특별시 서초구 헌릉로8길 42,37.454357,127.062103,20,0
2207,2207. 내곡파출소 뒤 정자,서울특별시 서초구 헌릉로 226,37.454407,127.064926,9,0
2210,2210. 반포1동 주민센터 앞,서울특별시 서초구 사평대로 지하 285,37.505096,127.013107,15,0
2211,2211. 서초구립반포도서관 앞,서울특별시 서초구 고무래로 34,37.502636,127.012314,10,0
2212,2212.서초현대4차아파트 201동 맞은편,서울특별시 서초구 고무래로 94,37.500961,127.017929,20,0
2213,2213. 고속터미널역 5번출구 앞,서울특별시 서초구 신반포로 지하 188,37.502232,127.002258,20,0
2214,2214. 신반포역 2번출구 앞,서울특별시 서초구 신반포로 지하 105,37.504116,126.99749,15,0
2215,2215. 반포종합운동장 입구,서울특별시 서초구 신반포로16길 30,37.501713,126.995476,10,0
2217,아크로리버뷰 부지 앞,서초구 잠원동 78,37.513046,127.005959,20,0
2219,"2219. 고속터미널역 8-1번, 8-2번 출구 사이",서울특별시 서초구 신반포로 지하 188,37.506199,127.003944,20,0
2220,2220. 반포본동 주민센터 앞,서울특별시 서초구 신반포로 10,37.500614,126.98616,10,0
2221,2221.하나은행 방배동지점 앞,서울특별시 서초구 방배로 110,37.485611,126.994682,15,0
2222,2222.사당역 12번출구 뒤,서울특별시 동작구 동작대로 지하 3,37.478069,126.982033,10,0
2223,2223. 방배래미안 정문 앞,서울특별시 서초구 남부순환로 2183,37.47261,126.983009,20,0
2225,2225.백석예술대학교 제3캠퍼스 앞,서울특별시 서초구 방배로9길 23,37.473759,126.995247,15,0
2226,2226. 신동아럭스빌아파트 앞,서울특별시 서초구 방배로1길 9,37.475182,127.001389,15,0
2227,2227.방배열린문화센터 앞,서울특별시 서초구 서초대로 지하 103,37.489052,126.992523,15,0
2228,2228.뒷벌공원 옆,서울특별시 서초구 방배중앙로 131,37.489586,126.986725,20,0
2229,2229.로고스교회 맞은 편,서울특별시 서초구 방배천로 126,37.487011,126.984962,10,0
2230,2230.이수역 4번 출구,서울특별시 동작구 사당로 지하 310,37.485828,126.982628,20,0
2231,2231. 삼성타운(삼성생명) A동 맞은편,서울특별시 서초구 서초대로 405,37.496914,127.024963,15,0
2233,2233. 서초신동아1차아파트 옆,서울특별시 서초구 효령로36길 22,37.491112,127.022957,20,0
2235,2235.KT 서초지사 앞,서울특별시 서초구 사평대로 73,37.482159,127.002701,15,0
2237,2237.서울남부터미널 대합실 입구,서울특별시 서초구 서초중앙로 지하 31,37.484558,127.01487,20,0
2239,2239.교대역 6번출구,서울특별시 서초구 서초대로 지하 294,37.494217,127.013786,10,0
2241,2241.양재전화국 사거리,서울특별시 강남구 논현로 201,37.485378,127.041702,10,0
2242,2242.양재역 11번 출구 앞,서울특별시 서초구 남부순환로 지하 2585,37.48399,127.03418,20,0
2243,2243.서울가정법원,서울특별시 서초구 강남대로 193,37.481491,127.036728,15,0
2244,2244.교육개발원입구 교차로,서울특별시 서초구 바우뫼로1길 35,37.477852,127.03891,20,0
2245,2245.양재초등학교 맞은편,서울특별시 서초구 바우뫼로18길 14,37.473614,127.03051,20,0
2246,2246. 서울시 품질시험소 앞,서울특별시 서초구 태봉로 131,37.4692,127.029007,15,0
2247,2247.섬들근린공원,서울특별시 서초구 태봉로2길 24,37.462639,127.026619,25,0
2248,2248. 서초리슈빌S 글로벌 앞,서울특별시 서초구 양재대로2길 8,37.459953,127.024742,10,0
2249,2249. 우솔초등학교 맞은편,서울특별시 서초구 양재대로2길 74,37.456234,127.019348,10,0
2250,2250. 서초유치원 맞은편,서울특별시 서초구 양재대로2길 74,37.455799,127.016289,10,0
2251,2251. 더케이호텔 입구(양재2) ,서울특별시 서초구 바우뫼로12길 70,37.467506,127.034477,10,0
2252,2252. 하이브랜드 앞,서울특별시 서초구 매헌로 16,37.463322,127.036041,25,0
2255,2255.시민의숲역 1번출구 옆,서울특별시 서초구 매헌로 지하 116,37.47044,127.038857,25,0
2256,2256.양재동 꽃시장 입구,서울특별시 서초구 강남대로 27,37.46769,127.040359,10,0
2257,2257. 하나로클럽 양재점 맞은편,서울특별시 서초구 청계산로 10,37.462688,127.046112,10,0
2258,2258.구룡사 삼거리,서울특별시 강남구 논현로2길 22,37.471539,127.050591,20,0
2259,2259. 잠원역 3번-4번 출구사이 ,서울특별시 서초구 잠원로4길 지하 46,37.512989,127.011177,15,0
2262,2262. 한신16차아파트 119동 앞,서울특별시 서초구 나루터로4길 60,37.516598,127.00959,20,0
2263,2263. 바우뫼문화복지회관,서울특별시 서초구 바우뫼로 43,37.471928,127.02684,20,0
2264,이수역 1번출구,서울특별시 서초구 동작대로 134,37.488556,126.982574,9,0
2266,2266. 서초역 3번출구,서울특별시 서초동 1748-14,37.49054,127.008163,15,0
2268,2268. 서초4동주민센터 ,서울특별시 서초동 1389,37.502319,127.02227,10,0
2269,2269. 주홍교 하부,서울특별시 잠원동 91-29,37.510349,127.016052,10,0
2270,서초포레스타 7단지,서울특별시 신원동 266,37.448967,127.057739,10,0
2271,2271. 내방역 8번출구 앞,서울특별시 서초구 방배로 162,37.487865,126.994293,8,0
2272,2272. 교대입구 교차로,서울특별시 서초동 1748-33,37.487309,127.010582,10,0
2273,2273. 일동제약 사거리,서울특별시 양재동 67-12,37.477829,127.038269,10,0
2274,2274. 양재시민의숲역 3번출구,서울특별시 양재동 316-11,37.46965,127.039612,10,0
2275,2275. 염곡치안센터 건너편,서울특별시 염곡동 260-1,37.461578,127.048798,10,0
2276,2276. 영동1교 (양재천근린공원),서울특별시 양재동 261-23,37.474388,127.038902,15,0
2277,2277. 길마중4교 하부,서울특별시 잠원동 84-3,37.51487,127.015282,10,0
2279,2279. 교대역 5번출구뒤,서울특별시 서초구 서초중앙로 130,37.493618,127.014183,10,0
2280,서울서초고용센터 앞,서울특별시 서초구 반포대로 43,37.484161,127.010971,10,0
2281,2281. 연세사랑병원신관앞,서울특별시 서초구 효령로 10,37.475979,126.986282,7,0
2282,2282. 방배래미안아트힐 101동앞,서울특별시 서초구 남부순환로 2311-12,37.477203,127.005836,15,0
2283,2283. 그룹한빌딩옆,서울특별시 서초구 서초대로 62,37.486526,126.989166,10,0
2284,2284. CJ오쇼핑앞,서울특별시 서초구 과천대로 870-13,37.468102,126.986801,10,0
2285,2285. LH서초3단지 301동 맞은편,서울특별시 서초구 양재대로2길 33,37.457424,127.022652,15,0
2286,2286. 탑성마을입구,서울특별시 서초구 탑성말길 2,37.458549,127.055885,10,0
2287,2287. 능안마을입구,서울특별시 서초구 능안말길 1-2,37.45562,127.067101,10,0
2288,2288. 안골마을입구,서울특별시 서초구 안골2길 3,37.455608,127.064453,10,0
2289,2289. 남태령역 2번출구,서울특별시 서초구 과천대로 810,37.464298,126.988525,10,0
2290,2290. 서래마을파리15구공원앞,서울특별시 서초구 동광로39길 93,37.499413,126.999413,10,0
2292,2292. 무지개아파트 앞,서울특별시 서초구 효령로 391,37.488243,127.027016,15,0
2293,2293. SPC 앞,서울특별시 서초구 남부순환로 2620,37.484798,127.036995,10,0
2294,2294. 두상빌딩 앞,서울특별시 서초구 언남길 87,37.475906,127.046242,15,0
2297,2297. 남부터미널역 1번출구,서울특별시 서초구 서초중앙로 38,37.485672,127.015923,10,0
2298,2298. 래미안서초스위트앞,서울특별시 서초구 서운로 221,37.502411,127.021606,12,0
2299,한전아트센터 앞,서울특별시 서초구 효령로72길 60,37.486469,127.028061,12,0
2301,2301. 현대고등학교 건너편,서울특별시 강남구 압구정로 134,37.524071,127.02179,10,0
2302,2302. 교보타워 버스정류장(신논현역 3번출구 후면),서울특별시 강남구 봉은사로 지하 102,37.505581,127.024277,10,0
2303,2303. 논현역 7번출구,서울특별시 강남구 학동로 지하 102,37.511517,127.021477,15,0
2304,2304. 신영 ROYAL PALACE 앞,서울특별시 강남구 언주로 626,37.512527,127.035835,10,0
2305,2305. MCM 본사 직영점 앞,서울특별시 강남구 언주로 734,37.520641,127.034508,10,0
2306,2306. 압구정역 2번 출구 옆,서울특별시 강남구 압구정로 지하 172,37.527122,127.028717,30,0
2307,2307. 압구정 한양 3차 아파트,서울특별시 강남구 압구정로 321,37.528614,127.038559,10,0
2308,2308. 압구정파출소 앞,서울특별시 강남구 압구정로 311,37.529301,127.035599,14,0
2309,2309. 청담역(우리들병원 앞),서울특별시 강남구 학동로 443,37.518902,127.049385,10,0
2310,2310. 청담동 맥도날드 옆(위치),서울특별시 강남구 학동로 지하 508,37.523613,127.040176,10,0
2311,2311. 학동로 래미안 아파트 앞,서울특별시 강남구 학동로 지하 508,37.517773,127.043022,10,0
2312,2312. 청담역 13번 출구 앞,서울특별시 강남구 영동대로 703,37.52058,127.056328,10,0
2313,2313. 금원빌딩 앞,서울특별시 강남구 도산대로 539,37.525116,127.052467,10,0
2314,2314. 청담나들목입구,서울특별시 강남구 영동대로128길 59,37.521275,127.061035,10,0
2315,2315. 봉은사역 5번출구 옆,서울특별시 강남구 봉은사로 지하 601,37.514248,127.061119,10,0
2316,2316. 삼성역 8번출구,서울특별시 강남구 영동대로 502,37.509575,127.063408,20,0
2317,2317. 삼성도로공원,서울특별시 강남구 영동대로112길 66,37.515888,127.0662,10,0
2318,2318. 삼성중앙역4번출구(문화센터더 리빌),서울특별시 강남구 봉은사로 531,37.513577,127.055031,15,0
2319,2319. 포스코4거리 서측(수협 삼성동 지점),서울특별시 강남구 테헤란로 435,37.506607,127.05468,10,0
2320,2320. 도곡역 대치지구대 방향,서울특별시 강남구 남부순환로 지하 2814,37.491928,127.056969,10,0
2321,2321. 학여울역 사거리,서울특별시 강남구 남부순환로 지하 3104,37.496117,127.069443,10,0
2322,2322. 삼성역 3번 출구,서울특별시 강남구 테헤란로 534,37.508091,127.063103,15,0
2323,2323. 주식회사 오뚜기 정문 앞,서울특별시 강남구 영동대로 308,37.502213,127.067207,10,0
2324,2324. 천주교 대치 2동 교회 옆,서울특별시 강남구 도곡로 540,37.500439,127.066223,10,0
2325,2325. 대치동 버거킹대치점,서울특별시 강남구 도곡로 447,37.49865,127.059319,10,0
2326,2326. 대치동 삼성로,서울특별시 강남구 삼성로 350,37.502396,127.0588,10,0
2327,2327. 뱅뱅사거리 랜드마크타워 앞,서울특별시 강남구 강남대로 308,37.490551,127.031464,15,0
2328,2328. 르네상스 호텔 사거리 역삼지하보도 7번출구 앞,서울특별시 강남구 언주로 506,37.503586,127.042641,10,0
2329,2329. 르네상스호텔사거리 역삼지하보도 2번출구,서울특별시 강남구 테헤란로 지하 156,37.502357,127.04319,10,0
2330,2330. 스타벅스 앞,서울특별시 강남구 도곡로 183,37.492199,127.039459,10,0
2331,2331. 동영문화센터앞,서울특별시 강남구 언주로 337,37.498051,127.044601,20,0
2332,2332. 선릉역3번출구,서울특별시 강남구 선릉로 435,37.504208,127.048965,8,0
2333,2333. 양재역 3번출구 주변,서울특별시 강남구 강남대로 240,37.485157,127.034073,15,0
2334,2334. 8.삼호@ 2동 ( 간선도로),서울특별시 강남구 선릉로 지하 228,37.493759,127.045898,15,0
2335,2335. 3호선 매봉역 3번출구앞,서울특별시 강남구 남부순환로 2748,37.486767,127.046761,10,0
2336,2336. 강남세브란스교차로  래미안그레이튼 104동 앞,서울특별시 강남구 선릉로 지하 228,37.494236,127.047462,10,0
2337,2337. 대모산입구역 2번출구 앞,서울특별시 강남구 영동대로 101,37.492077,127.071976,15,0
2339,2339. 현대아파트 정문 앞,서울특별시 강남구 언주로 107,37.483261,127.052299,10,0
2340,2340. 삼호물산버스정류장(23370) 옆,서울특별시 강남구 논현로 82,37.477509,127.045174,15,0
2341,2341. 일원역 4~5번 출구 사이,서울특별시 강남구 일원로 127,37.483311,127.084938,10,0
2342,2342. 대청역 1번출구  뒤,서울특별시 강남구 개포로 623,37.494007,127.079514,10,0
2343,2343. 세곡사거리 대왕파출소 앞,서울특별시 강남구 헌릉로 623,37.465317,127.107727,10,0
2344,2344. 리엔파크 2단지 앞,서울특별시 강남구 헌릉로590길 10,37.465061,127.101196,10,0
2347,2347. 두산건설 본사,서울특별시 강남구 언주로 726,37.518639,127.0354,15,0
2348,2348. 포스코사거리(기업은행),서울특별시 강남구 테헤란로 501,37.507233,127.056854,20,0
2349,2349. 역삼빌딩 앞(하나은행 옆),서울특별시 강남구 테헤란로 지하 156,37.501545,127.038567,10,0
2350,2350. 래미안그레이튼102동앞,서울특별시 강남구 선릉로69길 19,37.494823,127.047905,10,0
2351,2351. 청소년수련관(수영장)앞,서울특별시 강남구 광평로 144,37.483879,127.089027,15,0
2352,2352. 서울본부세관(건설회관 앞),서울특별시 강남구 언주로 721,37.51759,127.035027,10,0
2353,2353. 강남구청역 2번출구 뒤,서울특별시 강남구 학동로 342,37.516811,127.040474,10,0
2354,2354. 청담역 2번출구,서울특별시 강남구 영동대로 647,37.519787,127.056763,5,0
2355,2355. 삼성역 5~6번 출구 사이,서울특별시 강남구 봉은사로 524,37.509121,127.062309,20,0
2356,2356. 강남구청,서울특별시 강남구 학동로 지하 346,37.51807,127.047119,10,0
2357,2357. 르네상스호텔사거리 역삼지하보도 3번출구 앞 (더 오번 빌딩 명동칼국수 앞),서울특별시 강남구 언주로89길 7,37.501949,127.04277,15,0
2358,2358. 구룡초사거리 (현대아파트10동 앞 ),서울특별시 강남구 개포로 303,37.481384,127.053917,10,0
2359,"2359. 국립국악중,고교 정문 맞은편",서울특별시 강남구 논현로10길 29,37.475605,127.050377,10,0
2360,2360. 도곡1동 주민센터 교차로,서울특별시 강남구 도곡로 205,37.492809,127.041389,15,0
2361,2361. 압구정역 교차로,서울특별시 강남구 신사동 580-7,37.526844,127.028259,10,0
2362,2362. 신사동 가로수길 입구,서울특별시 강남구 신사동 501-5,37.517635,127.022453,10,0
2363,2363. 강남 을지병원 교차로,서울특별시 강남구 도산대로 172 ,37.51918,127.027466,15,0
2364,2364. 도산대로 렉서스 앞,서울특별시 강남구 도산대로 229 ,37.52124,127.031898,10,0
2365,2365. K+ 타워 앞,서울특별시 강남구 도산대로 333 ,37.5233,127.038475,15,0
2368,2368. 도곡동 경남아파트 건너편,서울특별시 강남구 도곡동 874-1,37.489342,127.041298,10,0
2369,2369. KT선릉타워,서울특별시 강남구 대치동 1011,37.505428,127.052872,20,0
2370,2370. 한티역 3번출구,서울특별시 강남구 대치동 1026,37.496552,127.054298,20,0
2371,2371. 한국우편사업진흥원,서울특별시 강남구 언주로 651,37.514748,127.035133,10,0
2372,2372. 대치역 사거리,서울특별시 강남구 삼성로 156 ,37.494499,127.063797,10,0
2373,2373. 개포동역 사거리,서울특별시 강남구 개포동 181-3,37.489277,127.065575,20,0
2375,2375. 수서역 1번출구 앞,서울특별시 강남구 수서동 728,37.48735,127.100998,10,0
2376,2376. 수서역 6번출구 앞,서울특별시 강남구 수서동 740,37.486778,127.100517,20,0
2377,2377. 수서역 5번출구 뒤,서울특별시 강남구 수서동 724-4,37.486835,127.102753,10,0
2380,2380. 삼성동베이직하우스앞,서울특별시 강남구 봉은사로 456,37.511696,127.049347,15,0
2381,2381. 언주역 6번출구앞,서울특별시 강남구 논현로 566,37.506367,127.034523,8,0
2382,2382. 역삼동 sk뷰 501동앞,서울특별시 강남구 역삼로 315-1,37.501343,127.050468,11,0
2383,2383. 보금자리정원,서울특별시 강남구 헌릉로569길 39-6,37.466328,127.094887,10,0
2384,2384. 자곡사거리,서울특별시 강남구 밤고개로 206,37.476028,127.105942,10,0
2385,2385. 학동역,서울특별시 강남구 학동로 지하 180,37.51395,127.030151,10,0
2387,2387. 래미안강남힐즈 사거리,서울특별시 강남구 자곡로 101,37.472454,127.096077,10,0
2388,강남구 도시관리공단,강남구 삼성동 111-61,37.516785,127.051613,10,0
2389,경기여자고등학교 후문 (삼성로3길 입구),강남구 개포동 198,37.48616,127.067238,15,0
2390,구룡마을 입구(래미안블레스티지 아파트),강남구 개포동 146-1,37.480881,127.063042,10,0
2391,구룡터널 입구,강남구 개포동 146-1,37.475986,127.059624,10,0
2392,구룡산 입구(구룡산 서울둘레길 입구),강남구 개포동 1277,37.474579,127.05545,15,0
2393,구룡사 앞 교차로 (보도육교),강남구 개포동 1277,37.472,127.051338,10,0
2394,래미안강남포레스트 입구(보도육교),강남구 개포동 659,37.479092,127.055397,10,0
2395,개포1단지아파트 입구(보도육교),강남구 개포동 659,37.47929,127.055733,10,0
2396,영동3교 북단(우성캐릭터 앞 보도),강남구 도곡동 466,37.485741,127.051048,15,0
2398,더라움,강남구 역삼동 801-7,37.50811,127.039452,10,0
2401,밀알학교 입구 (삼성서울병원 입구),강남구 일원동 128-10,37.486561,127.082672,15,0
2403,공무원연금매점 교차로(개포주공9단지 입구),강남구 일원동 703-2,37.48872,127.074539,15,0
2404,대모산입구역 4번 출구 앞,강남구 일원동 700-1,37.49181,127.073158,10,0
2405,청담공원앞 교차로,강남구 삼성동 111-44,37.518711,127.05085,20,0
2406,논현동 광명빌딩 앞,강남구 논현동 279,37.51757,127.023643,10,0
2407,역삼.서초.삼성 세무서 앞(역삼빌딩 앞),강남구 역삼동 804,37.49847,127.030113,10,0
2408,강남한양수자인아파트,강남구 자곡로 260,37.477341,127.113274,14,0
2409, 역삼동 디오슈페리움 (우성아파트 사거리),강남구 역삼동 858(강남대로 342 앞 도로),37.492062,127.030746,18,0
2410,포스코피앤에스타워 (역삼역 3번출구 부근),강남구 역삼동 804(강남구 테헤란로 134 앞 보도),37.499599,127.033752,10,0
2411, 세곡동 성당,강남구 율현동 165-2(강남구 밤고개로21길 50),37.472969,127.112228,15,0
2412,일원1동 주민센터,강남구 일원동 712-5 ,37.491791,127.088211,15,0
2501,서초 포레스타5단지,신원동 347-6,37.450661,127.05706,10,0
2502,서초역1번출구 앞,서초동 1553-21,37.491951,127.008553,9,0
2503,반포1동 서초빌딩 앞,반포동 749-35,37.503811,127.021362,10,0
2504,신사역 4번출구 뒤,잠원동 88,37.515881,127.019302,10,0
2505,우성아파트사거리B(기업은행앞),서초동 1374,37.493259,127.029533,12,0
2506,LG유플러스(방배사옥),방배동 980-53,37.479092,126.990677,10,0
2508,양재이스타빌 앞,양재동 4(양재동 3-14 앞),37.482979,127.042259,10,0
2509,KT반포지사,서초구 반포동 128-13,37.498371,126.992462,16,0
2601,석촌호수 서호사거리,송파구 삼학사로 136,37.506748,127.098831,10,0
2603,송파 글마루 도서관,송파구 충민로 1206,37.480801,127.130341,10,0
2604,삼표레이콘 앞,송파구 풍납동 307-4,37.531311,127.111282,10,0
2605,복정역 1번 출구 앞,송파구 장지동 602-18,37.471298,127.12709,15,0
2606,위례동주민센터 맞은편 근린공원,송파구 거여동 497,37.481739,127.143227,10,0
2607,복정역 2번출구 후문(장지치안센터),송파구 장지동 600-31,37.47065,127.127113,15,0
2608,송파구청,송파구 올림픽로 326,37.514359,127.106194,15,0
2609,보성중고등학교 후문 앞,송파구 양재대로 1278,37.520489,127.135201,10,0
2610,여흥레이크빌 앞(석촌호수 까페거리),송파구 석촌호수로 278,37.510441,127.106377,10,0
2611,송파지역자활센터 뒤,송파구 풍성로 5길 16,37.536331,127.11618,7,0
2612,문정·가락 대여소 앞,송파구 중대로 2길 6,37.489071,127.109299,10,0
2613,잠실나들목,서울 송파구 잠실동 1,37.516781,127.090492,14,0
2614,가락고등학교 앞,서울 송파구 송이로 42,37.501862,127.117233,15,0
2615,테라타워2,송파대로 201,37.48835,127.120781,15,0
2616,거여동 사거리,송파구 문정로 196,37.496078,127.140106,20,0
2617,가락삼환아파트 앞,송파구 가락동 165-2,37.496181,127.138031,15,0
2618,삼전역 1번출구,송파구 잠실동 289,37.504711,127.087563,15,0
2619,석촌고분역 4번출구,송파구 삼전동 90,37.502338,127.096443,9,0
2620,송파나루역 4번 출구옆,송파구 송파동 3-15,37.509979,127.112312,15,0
2621,한성백제역 2번 출구,송파구 방이동 11,37.516659,127.116257,15,0
2622,올림픽공원역 3번출구,송파구 방이동 89-28,37.516258,127.130592,20,0
2701,마곡나루역5번출구,강서구 마곡동 761-5,37.565201,126.827316,15,0
2702,마곡 엠밸리2단지,강서구 마곡동 735-1,37.56918,126.819443,20,0
3100,3100. 북성초교,서울특별시 서대문구 신촌로 235-1,37.557396,126.952164,8,0
3101,3101. 서대문구청,서울특별시 서대문구 연희로 242,37.578381,126.936096,15,0
3102,3102. 연희삼거리,서울특별시 서대문구 연희로 113,37.567966,126.931725,10,0
3103,홍제삼거리 북측,서대문구 홍제동 161-1,37.5867,126.94677,8,0
3104,e편한세상 신촌4단지 앞,북아현동 251-71,37.558128,126.956207,13,0
3105,홍은센트레빌 아파트 앞,서대문구 홍은동 164-44,37.597149,126.93853,12,0
3106,홍남교 두바퀴쉼터,서대문구 홍제천로111,37.574909,126.926147,12,0
3107,연희초등학교 앞,서대문구 연희동 87-27,37.56974,126.933327,7,0
3500,3500. 군자역2번출구,서울특별시 광진구 능동로 313,37.557587,127.079697,10,0
3501,3501. 광진구청 앞,서울특별시 광진구 자양로 131,37.539501,127.083,10,0
3502,3502. 중곡역 1번출구,서울특별시 광진구 능동로 지하 417,37.565659,127.084297,15,0
3503,3503. 광진유진스웰,서울특별시 광진구 아차산로78길 7,37.550488,127.108955,20,0
3504,3504. 원일교회,서울특별시 광진구 아차산로 304,37.538052,127.076599,8,0
3505,3505. 신양초교앞 교차로,서울특별시 광진구 능동로 42,37.535221,127.068398,12,0
3506,3506. 영동대교 북단,서울특별시 광진구 자양동 203-22,37.537014,127.061096,10,0
3507,3507. 어린이회관,서울특별시 광진구 능동 465-7,37.545952,127.078003,39,0
3508,3508. 화양사거리,서울특별시 광진구 화양동 21-6,37.548222,127.067879,10,0
3509,3509. 세종사이버대학교,서울특별시 광진구 군자동 111-2,37.553417,127.073196,20,0
3510,3510. 중곡SK아파트앞,서울특별시 광진구 용마산로32길 32,37.568649,127.08625,10,0
3511,3511. 응봉역 1번출구,서울특별시 성동구 고산자로 123,37.55125,127.035103,10,0
3513,3513. 상왕십리역 1번출구,서울특별시 성동구 하왕십리동 860-1 ,37.56461,127.029198,10,0
3514,3514. 왕십리교회옆,서울특별시 성동구 상왕십리동 350-1 ,37.566261,127.023697,10,0
3515,3515. 서울숲 관리사무소,서울특별시 성동구 성수동1가 678-1,37.542816,127.042084,20,0
3516,3516. 구의아리수정수센터앞,서울특별시 광진구 광나루로 571,37.543705,127.093246,10,0
3517,3517. 용마사거리,서울특별시 광진구 능동로 373,37.562527,127.082275,10,0
3518,3518. 군자역 7번출구뒤,서울특별시 광진구 천호대로 지하 550,37.556862,127.07914,8,0
3519,3519. 용답역 1번 출구,서울특별시 성동구 용답길 86,37.562607,127.051308,10,0
3520,3520. 광진경찰서,서울특별시 광진구 자양로 167,37.542519,127.084084,10,0
3521,3521. 현대홈타운 뒷길,서울특별시 광진구 아차산로69길 29,37.543427,127.096619,10,0
3522,3522. 사근삼거리,서울특별시 성동구 사근동10길 7,37.561245,127.048851,9,0
3523,3523. 건국대학교 과학관(이과대) 앞,서울특별시 광진구 능동로 120,37.541718,127.08017,10,0
3524,3524. 세종대학교,서울특별시 광진구 군자로 114,37.550236,127.073822,15,0
3525,금호스포츠센터앞,금호로30,37.546089,127.02507,15,0
3527,왕십리 자이아파트,성동구 하왕십리동 999,37.56179,127.024391,8,0
3528,광진정보도서관,광장동 141-2,37.550598,127.110512,8,0
3529,어린이대공원정문,능동 339-2,37.549789,127.075928,15,0
3530,왕십리자이아파트 후문(삼거리),성동구 하왕십리동 1063,37.560146,127.02636,15,0
3531,논골사거리(금호도서관 입구),성동구 금호동1가 1350,37.554779,127.024841,15,0
3532,왕십리KCC스위첸아파트,성동구 무학봉길 35,37.56068,127.026779,15,0
3533,건대입구역 사거리(롯데백화점),광진구 자양동 227-337,37.539139,127.070618,10,0
3534,건대입구역 5번출구 뒤,광진구 자양동 1-6 ,37.540138,127.069283,12,0
3535,중곡사거리(국민은행),광진구 중곡동 266-5,37.559158,127.087517,10,0
3536,중앙농협(자양동),광진구 자양동 730 ,37.531811,127.080742,10,0
3537,아차산 휴먼시아 아파트 옆,광진구 구의동 40-2,37.548489,127.093758,15,0
3538,서울숲 IT캐슬,성동구 성수동1가 671-41,37.550892,127.044762,14,0
3539,서원마을,암사동 117-3,37.56382,127.132843,10,0
3541,커먼그라운드,광진구 자양동 8-6,37.54504,127.089958,17,0
3542,래미안 구의파크 스위트,광진구 구의동 229-23,37.54504,127.089958,17,0
1999, 수궁동 성당 주변,구로구 궁동 252-17,37.495258,126.830658,15,0
2000,신도림4차 e편한세상 아파트 1109동 앞,구로구 신도림동 312-16,37.512329,126.886833,15,0
1859,대륭테크노타운 18차,금천구 가산동 668,37.467999,126.886841,20,0
766,신목동역 3번출구,양천구 목동 136-1,37.54426,126.88325,15,0
2510,JW타워,서초구 서초동 1748-45,37.48304,127.021461,8,0
2511,이수역 6번출구 앞,서초구 방배동 438-35,37.483662,126.982323,20,0
2071,대림아파트 후문 상가 옆,동작구 사당로23길 137,37.488869,126.971909,10,0
1693,원자력 병원 ,노원구 노원로 75,37.628189,127.082108,15,0
1376,한국과학기술연구원 정문,서울특별시 성북구 화랑로14길 5,37.600239,127.04538,7,0
1377,한국과학기술연구원 후문,서울특별시 성북구 화랑로14길 5,37.603958,127.045341,10,0
972,수색역,수색로 261,37.58218,126.894943,20,0
462,신영동삼거리(북악터널방향),종로구 평창문화로 6-4,37.603512,126.962067,15,0
2801,대륭포스트타워1차,구로구 디지털로31길 33-1,37.484371,126.895424,30,0
440,하늘공원 입구,마포구 하늘공원로 108-2,37.570006,126.881149,15,0
464,삼청동 골목,종로구 팔판길 46,37.58419037,126.9816971,10,0
2185,대학동 고시촌,서울특별시 관악구 신림로 97 밀라트,37.47046661,126.938652,10,0
2265,2265. 이수고가차도 남단,서울특별시 서초구 동작대로 204 청남빌딩,37.49474335,126.9830627,10,0
465,465. 삼청공원 앞,서울특별시 종로구 삼청동 25-32,37.58760452,126.9835968,5,0
664,서울시립대 대학본부,동대문구 서울시립대로 163 서울시립대학교,37.58412933,127.0579376,10,0
